provinces;red;green;blue;x;x
1;0;0;255;Sea01;x
2;0;20;255;Sea02;x
3;0;40;255;Sea03;x
4;0;60;255;Sea04;x
5;0;80;255;Sea05;x
6;0;100;255;Sea06;x
7;0;120;255;Sea07;x
8;0;140;255;Sea08;x
9;0;160;255;Sea09;x
10;0;180;255;Sea10;x
11;0;200;255;Sea11;x
12;0;220;255;Sea12;x
13;0;240;255;Sea13;x
14;200;240;255;Sea14;x
15;200;220;255;Sea15;x
16;200;200;255;Sea16;x
17;200;180;255;Sea17;x
18;200;160;255;Sea18;x
19;200;140;255;Sea19;x
20;200;120;255;Sea20;x
21;200;100;255;Sea21;x
22;200;80;255;Sea22;x
23;200;60;255;Sea23;x
24;200;40;255;Sea24;x
25;200;20;255;Sea25;x
26;200;0;255;Sea26;x
27;0;0;254;Sea27;x
28;0;20;254;Sea28;x
29;0;40;254;Sea29;x
30;0;60;254;Sea30;x
31;0;80;254;Sea31;x
32;0;100;254;Sea32;x
33;0;120;254;Sea33;x
34;0;140;254;Sea34;x
35;0;160;254;Sea35;x
36;0;180;254;Sea36;x
37;0;200;254;Sea37;x
38;0;220;254;Sea38;x
39;0;240;254;Sea39;x
40;200;240;254;Sea40;x
41;200;220;254;Sea41;x
42;200;200;254;Sea42;x
43;200;180;254;Sea43;x
44;200;160;254;Sea44;x
45;200;140;254;Sea45;x
46;200;120;254;Sea46;x
47;200;100;254;Sea47;x
48;200;80;254;Sea48;x
49;200;60;254;Sea49;x
50;200;40;254;Sea50;x
51;200;20;254;Sea51;x
52;200;0;254;Sea52;x
53;0;0;253;Sea53;x
54;0;20;253;Sea54;x
55;0;40;253;Sea55;x
56;0;60;253;Sea56;x
57;0;80;253;Sea57;x
58;0;100;253;Sea58;x
59;0;120;253;Sea59;x
60;0;140;253;Sea60;x
61;0;160;253;Sea61;x
62;0;180;253;Sea62;x
63;0;200;253;Sea63;x
64;0;220;253;Sea64;x
65;0;240;253;Sea65;x
66;200;240;253;Sea66;x
67;200;220;253;Sea67;x
68;200;200;253;Sea68;x
69;200;180;253;Sea69;x
70;200;160;253;Sea70;x
71;200;140;253;Sea71;x
72;200;120;253;Sea72;x
73;200;100;253;Sea73;x
74;200;80;253;Sea74;x
75;200;60;253;Sea75;x
76;200;40;253;Sea76;x
77;200;20;253;Sea77;x
78;200;0;253;Sea78;x
79;0;0;252;Sea79;x
80;0;20;252;Sea80;x
81;0;40;252;Sea81;x
82;0;60;252;Sea82;x
83;0;80;252;Sea83;x
84;0;100;252;Sea84;x
85;0;120;252;Sea85;x
86;0;140;252;Sea86;x
87;0;160;252;Sea87;x
88;0;180;252;Sea88;x
89;0;200;252;Sea89;x
90;0;220;252;Sea90;x
91;0;240;252;Sea91;x
92;200;240;252;Sea92;x
93;200;220;252;Sea93;x
94;200;200;252;Sea94;x
95;200;180;252;Sea95;x
96;200;160;252;Sea96;x
97;200;140;252;Sea97;x
98;200;120;252;Sea98;x
99;200;100;252;Sea99;x
100;200;80;252;Sea100;x
101;200;60;252;Sea101;x
102;200;40;252;Sea102;x
103;200;20;252;Sea103;x
104;200;0;252;Sea104;x
105;0;0;251;Sea105;x
106;0;20;251;Sea106;x
107;0;40;251;Sea107;x
108;0;60;251;Sea108;x
109;0;80;251;Sea109;x
110;0;100;251;Sea110;x
111;0;120;251;Sea111;x
112;0;140;251;Quabbin Reservoir;x
113;0;160;251;Lake Lanier;x
114;0;180;251;Lake Superior;x
115;0;200;251;Lake Michigan;x
116;0;220;251;Lake Huron;x
117;0;240;251;Lake St Clair;x
118;200;240;251;Lake Erie;x
119;200;220;251;Lake Ontario;x
120;200;200;251;Lake Nipissing;x
121;200;180;251;Lake Champlain;x
122;200;160;251;Lake Simcoe;x
123;200;140;251;Gouin Reservoir;x
124;200;120;251;Lake Saint-Jean;x
125;200;100;251;Lake Mistassini;x
126;200;80;251;Lake Manicouagan;x
127;200;60;251;Smallwood Reservoir;x
128;200;40;251;Lake Melville;x
129;200;20;251;North Quebec Lakes;x
130;200;0;251;Lake Nipigon;x
131;0;0;250;Lake Winnipeg;x
132;0;20;250;Lake of the Woods;x
133;0;40;250;Red Lakes;x
134;0;60;250;Mille Lacs Lake;x
135;0;80;250;Lake Winnebago;x
136;0;100;250;North Manitoba Lakes;x
137;0;120;250;Reindeer Lake;x
138;0;140;250;North Saskatchewan Lakes;x
139;0;160;250;Nunavut Lakes;x
140;0;180;250;Lake Athabasca;x
141;0;200;250;Great Slave Lake;x
142;0;220;250;Great Bear Lake;x
143;0;240;250;Iliamna Lake;x
144;200;240;250;Becharof Lake;x
145;200;220;250;Great Salt Lake;x
146;200;200;250;Pyramid Lake;x
147;200;180;250;Tahoe Lake;x
148;200;160;250;Salton Sea;x
149;200;140;250;Sam Rayburn Reservoir;x
150;200;120;250;Toledo Bend Reservoir;x
151;200;100;250;Lake Pontchartrain;x
152;200;80;250;Lake Okeechobee;x
153;200;60;250;Leech Lakes;x
154;200;40;250;Finger Lakes;x
155;1;1;1;Chukotka;x
156;2;2;2;Canada;x
157;3;3;3;Mexico;x
158;4;4;4;Caribbean;x
159;5;5;5;Greenland;x
160;0;0;80;South Pacific Ocean;x
161;0;0;81;East Pacific Ocean;x
162;0;0;82;Pacific Ocean;x
163;0;0;83;West Pacific Ocean;x
164;0;0;84;Arctic Ocean;x
165;0;0;85;South Atlantic Ocean;x
166;0;0;86;Atlantic Ocean;x
167;0;0;87;North Atlantic Ocean;x
168;0;0;88;Western Lakes;x
169;0;0;89;Louisiana Lakes;x
170;0;0;90;Northern Ocean;x
171;0;0;91;Hudson Bay;x
172;128;128;128;Border;x
173;42;42;42;Waste19;x
174;45;45;45;Waste20;x
175;48;48;48;Waste21;x
176;51;51;51;Waste22;x
177;54;54;54;Waste23;x
178;57;57;57;Waste24;x
179;60;60;60;Waste25;x
180;63;63;63;Waste26;x
181;66;66;66;Waste27;x
182;68;68;68;Waste28;x
183;71;71;71;Waste29;x
184;73;73;73;Waste30;x
185;76;76;76;Waste31;x
186;79;79;79;Waste32;x
187;81;81;81;Waste33;x
188;84;84;84;Waste34;x
189;86;86;86;Waste35;x
190;89;89;89;Waste36;x
191;91;91;91;Waste37;x
192;94;94;94;Waste38;x
193;96;96;96;Waste39;x
194;99;99;99;Waste40;x
195;102;102;102;Waste41;x
196;104;104;104;Waste42;x
197;107;107;107;Waste43;x
198;109;109;109;Waste44;x
199;112;112;112;Waste45;x
200;114;114;114;Waste46;x
201;117;117;117;Waste47;x
202;119;119;119;Waste48;x
203;122;122;122;Waste49;x
204;124;124;124;Waste50;x
205;127;127;127;Waste51;x
206;130;130;130;Waste52;x
207;132;132;132;Waste53;x
208;135;135;135;Waste54;x
209;137;137;137;Waste55;x
210;140;140;140;Waste56;x
211;142;142;142;Waste57;x
212;100;0;0;DE_New Castle;x
213;100;20;0;DE_Sussex;x
214;100;40;0;DE_Kent;x
215;100;60;0;PA_Erie;x
216;100;80;0;PA_Crawford;x
217;100;100;0;PA_Mercer;x
218;100;120;0;PA_Lawrence;x
219;100;140;0;PA_Beaver;x
220;100;160;0;PA_Washington;x
221;100;180;0;PA_Greene;x
222;100;200;0;PA_Venango;x
223;100;220;0;PA_Butler;x
224;100;240;0;PA_Allegheny;x
225;101;0;0;PA_Warren;x
226;101;20;0;PA_Forest;x
227;101;40;0;PA_Clarion;x
228;101;60;0;PA_Armstrong;x
229;101;80;0;PA_Westmoreland;x
230;101;100;0;PA_Fayette;x
231;101;120;0;PA_Jefferson;x
232;101;140;0;PA_Indiana;x
233;101;160;0;PA_McKean;x
234;101;180;0;PA_Elk;x
235;101;200;0;PA_Clearfield;x
236;101;220;0;PA_Cambria;x
237;101;240;0;PA_Somerset;x
238;102;0;0;PA_Bedford;x
239;102;20;0;PA_Blair;x
240;102;40;0;PA_Centre;x
241;102;60;0;PA_Clinton;x
242;102;80;0;PA_Cameron;x
243;102;100;0;PA_Potter;x
244;102;120;0;PA_Tioga;x
245;102;140;0;PA_Lycoming;x
246;102;160;0;PA_Union;x
247;102;180;0;PA_Mifflin;x
248;102;200;0;PA_Huntingdon;x
249;102;220;0;PA_Fulton;x
250;102;240;0;PA_Franklin;x
251;103;0;0;PA_Adams;x
252;103;20;0;PA_Cumberland;x
253;103;40;0;PA_Perry;x
254;103;60;0;PA_Juniata;x
255;103;80;0;PA_Snyder;x
256;103;100;0;PA_Northumberland;x
257;103;120;0;PA_Montour;x
258;103;140;0;PA_Susquehanna;x
259;103;160;0;PA_Columbia;x
260;103;180;0;PA_Sullivan;x
261;103;200;0;PA_Bradford;x
262;103;220;0;PA_Wyoming;x
263;103;240;0;PA_Luzerne;x
264;104;0;0;PA_Schuylkill;x
265;104;20;0;PA_Dauphin;x
266;104;40;0;PA_York;x
267;104;60;0;PA_Lancaster;x
268;104;80;0;PA_Lebanon;x
269;104;100;0;PA_Berks;x
270;104;120;0;PA_Chester;x
271;104;140;0;PA_Delaware;x
272;104;160;0;PA_Montgomery;x
273;104;160;1;PA_Philadelphia;x
274;104;180;0;PA_Bucks;x
275;104;200;0;PA_Lehigh;x
276;104;220;0;PA_Carbon;x
277;104;240;0;PA_Northampton;x
278;105;0;0;PA_Monroe;x
279;105;20;0;PA_Lackawanna;x
280;105;40;0;PA_Wayne;x
281;105;60;0;PA_Pike;x
282;105;80;0;NJ_Sussex;x
283;105;100;0;NJ_Passaic;x
284;105;120;0;NJ_Bergen;x
285;105;140;0;NJ_Hudson;x
286;105;160;0;NJ_Essex;x
287;105;180;0;NJ_Morris;x
288;105;200;0;NJ_Warren;x
289;105;220;0;NJ_Hunterdon;x
290;105;240;0;NJ_Somerset;x
291;105;0;1;NJ_Union;x
292;105;20;1;NJ_Middlesex;x
293;105;40;1;NJ_Mercer;x
294;105;60;1;NJ_Monmouth;x
295;105;80;1;NJ_Ocean;x
296;105;100;1;NJ_Burlington;x
297;105;120;1;NJ_Camden;x
298;105;140;1;NJ_Gloucester;x
299;105;160;1;NJ_Salem;x
300;105;180;1;NJ_Cumberland;x
301;105;200;1;NJ_Cape May;x
302;105;220;1;NJ_Atlantic;x
303;105;240;1;GA_Rabun;x
304;106;0;0;GA_Habersham;x
305;106;20;0;GA_Stephens;x
306;106;40;0;GA_Franklin;x
307;106;60;0;GA_Hart;x
308;106;80;0;GA_Elbert;x
309;106;100;0;GA_Lincoln;x
310;106;120;0;GA_Columbia;x
311;106;140;0;GA_Richmond;x
312;106;160;0;GA_Burke;x
313;106;180;0;GA_Emanuel;x
314;106;200;0;GA_Effingham;x
315;106;220;0;GA_Chatham;x
316;106;240;0;GA_Toombs;x
317;107;0;0;GA_Liberty;x
318;107;20;0;GA_McIntosh;x
319;107;40;0;GA_Glynn;x
320;107;60;0;GA_Camden;x
321;107;80;0;GA_Charlton;x
322;107;100;0;GA_Brantley;x
323;107;120;0;GA_Wayne;x
324;107;140;0;GA_Long;x
325;107;160;0;GA_Tattnall;x
326;107;180;0;GA_Evans;x
327;107;200;0;GA_Candler;x
328;107;220;0;GA_Bulloch;x
329;107;240;0;GA_Jenkins;x
330;108;0;0;GA_Screven;x
331;108;20;0;GA_Jefferson;x
332;108;40;0;GA_McDuffie;x
333;108;60;0;GA_Wilkes;x
334;108;80;0;GA_Fannin;x
335;108;100;0;GA_Madison;x
336;108;120;0;GA_Banks;x
337;108;140;0;GA_Hall;x
338;108;160;0;GA_White;x
339;108;180;0;GA_Towns;x
340;108;200;0;GA_Union;x
341;108;220;0;GA_Lumpkin;x
342;108;240;0;GA_Dawson;x
343;109;0;0;GA_Forsyth;x
344;109;20;0;GA_Gwinnett;x
345;109;40;0;GA_Barrow;x
346;109;60;0;GA_Jackson;x
347;109;80;0;GA_Clarke;x
348;109;100;0;GA_Oconee;x
349;109;120;0;GA_Greene;x
350;109;140;0;GA_Taliaferro;x
351;109;160;0;GA_Warren;x
352;109;180;0;GA_Glascock;x
353;109;200;0;GA_Hancock;x
354;109;220;0;GA_Washington;x
355;109;240;0;GA_Johnson;x
356;109;240;1;GA_Oglethorpe;x
357;110;0;0;GA_Treutlen;x
358;110;20;0;GA_Bryan;x
359;110;40;0;GA_Appling;x
360;110;60;0;GA_Pierce;x
361;110;80;0;GA_Laurens;x
362;110;100;0;GA_Clinch;x
363;110;120;0;GA_Atkinson;x
364;110;140;0;GA_Coffee;x
365;110;160;0;GA_Bacon;x
366;110;180;0;GA_Jeff Davis;x
367;110;200;0;GA_Montgomery;x
368;110;220;0;GA_Wheeler;x
369;110;240;0;GA_Ware;x
370;111;0;0;GA_Wilkinson;x
371;111;20;0;GA_Baldwin;x
372;111;40;0;GA_Putnam;x
373;111;60;0;GA_Morgan;x
374;111;80;0;GA_Walton;x
375;111;100;0;GA_Rockdale;x
376;111;120;0;GA_Dekalb;x
377;111;140;0;GA_Fulton;x
378;111;160;0;GA_Cherokee;x
379;111;180;0;GA_Pickens;x
380;111;200;0;GA_Gilmer;x
381;111;240;0;GA_Murray;x
382;112;0;0;GA_Gordon;x
383;112;20;0;GA_Bartow;x
384;112;40;0;GA_Cobb;x
385;112;80;0;GA_Clayton;x
386;112;100;0;GA_Henry;x
387;112;120;0;GA_Newton;x
388;112;140;0;GA_Jasper;x
389;112;160;0;GA_Jones;x
390;112;180;0;GA_Twiggs;x
391;112;200;0;GA_Bleckley;x
392;112;220;0;GA_Dodge;x
393;112;240;0;GA_Telfair;x
394;113;0;0;GA_Ben Hill;x
395;113;20;0;GA_Irwin;x
396;113;30;0;GA_Berrien;x
397;113;40;0;GA_Lanier;x
398;113;60;0;GA_Echols;x
399;113;80;0;GA_Lowndes;x
400;113;100;0;GA_Cook;x
401;113;120;0;GA_Tift;x
402;113;140;0;GA_Turner;x
403;113;160;0;GA_Wilcox;x
404;113;180;0;GA_Pulaski;x
405;113;200;0;GA_Houston;x
406;113;210;0;GA_Bibb;x
407;113;220;0;GA_Monroe;x
408;113;240;0;GA_Butts;x
409;114;0;0;GA_Whitfield;x
410;114;20;0;GA_Catoosa;x
411;114;40;0;GA_Walker;x
412;114;60;0;GA_Dade;x
413;114;80;0;GA_Chattooga;x
414;114;100;0;GA_Floyd;x
415;114;120;0;GA_Polk;x
416;114;140;0;GA_Paulding;x
417;114;160;0;GA_Douglas;x
418;114;180;0;GA_Carroll;x
419;114;200;0;GA_Haralson;x
420;114;220;0;GA_Heard;x
421;114;240;0;GA_Coweta;x
422;115;0;0;GA_Fayette;x
423;115;20;0;GA_Spalding;x
424;115;40;0;GA_Lamar;x
425;115;60;0;GA_Pike;x
426;115;80;0;GA_Upson;x
427;115;100;0;GA_Crawford;x
428;115;120;0;GA_Peach;x
429;115;140;0;GA_Macon;x
430;115;160;0;GA_Dooly;x
431;115;180;0;GA_Crisp;x
432;115;200;0;GA_Worth;x
433;115;220;0;GA_Colquitt;x
434;115;240;0;GA_Brooks;x
435;116;0;0;GA_Thomas;x
436;116;20;0;GA_Mitchell;x
437;116;40;0;GA_Dougherty;x
438;116;60;0;GA_Lee;x
439;116;80;0;GA_Sumter;x
440;116;100;0;GA_Schley;x
441;116;120;0;GA_Taylor;x
442;116;140;0;GA_Talbot;x
443;116;160;0;GA_Meriwether;x
444;116;180;0;GA_Troup;x
445;116;200;0;GA_Harris;x
446;116;220;0;GA_Muscogee;x
447;116;240;0;GA_Chattahoochee;x
448;117;0;0;GA_Marion;x
449;117;20;0;GA_Webster;x
450;117;40;0;GA_Terrell;x
451;117;60;0;GA_Calhoun;x
452;117;80;0;GA_Baker;x
453;117;100;0;GA_Miller;x
454;117;120;0;GA_Grady;x
455;117;140;0;GA_Decatur;x
456;117;160;0;GA_Seminole;x
457;117;180;0;GA_Early;x
458;117;200;0;GA_Clay;x
459;117;220;0;GA_Randolph;x
460;117;240;0;GA_Quitman;x
461;118;0;0;GA_Stewart;x
462;118;20;0;CT_Northeastern;x
463;118;40;0;CT_Southeastern;x
464;118;60;0;CT_Capitol;x
465;118;80;0;CT_Lower River Valley;x
466;118;100;0;CT_South Central;x
467;118;120;0;CT_Naugatuck Valley;x
468;118;140;0;CT_Metropolitan;x
469;118;160;0;CT_Western;x
470;118;180;0;MA_Essex;x
471;118;200;0;MA_Suffolk;x
472;118;220;0;MA_Norfolk;x
473;118;240;0;MA_Plymouth;x
474;119;0;0;MA_Barnstable;x
475;119;20;0;MA_Dukes;x
476;119;40;0;MA_Nantucket;x
477;119;60;0;MA_Bristol;x
478;119;80;0;MA_Middlesex;x
479;119;100;0;MA_Worcester;x
480;119;120;0;MA_Franklin;x
481;119;140;0;MA_Hampshire;x
482;119;160;0;MA_Hampden;x
483;119;180;0;MA_Berkshire;x
484;119;200;0;MD_Cecil;x
485;119;220;0;MD_Kent;x
486;119;240;0;MD_Queen Annes;x
487;120;0;0;MD_Caroline;x
488;120;20;0;MD_Talbot;x
489;120;40;0;MD_Dorchester;x
490;120;60;0;MD_Wicomico;x
491;120;80;0;MD_Somerset;x
492;120;100;0;MD_Worcester;x
493;120;120;0;MD_Harford;x
494;120;140;0;MD_Baltimore;x
495;120;160;0;MD_Baltimore City;x
496;120;180;0;MD_Anne Arundel;x
497;120;200;0;MD_Calvert;x
498;120;220;0;MD_Saint Marys;x
499;120;240;0;MD_Charles;x
500;121;0;0;MD_Prince George;x
501;121;20;0;MD_Howard;x
502;121;40;0;MD_Carroll;x
503;121;60;0;MD_Frederick;x
504;121;80;0;MD_Montgomery;x
505;121;100;0;MD_DC;x
506;121;120;0;MD_Washington;x
507;121;140;0;MD_Allegany;x
508;121;160;0;MD_Garrett;x
509;255;0;0;SC_York;x
510;255;20;0;SC_Cherokee;x
511;255;40;0;SC_Spartanburg;x
512;255;60;0;SC_Greenville;x
513;255;80;0;SC_Pickens;x
514;255;100;0;SC_Oconee;x
515;255;120;0;SC_Anderson;x
516;255;140;0;SC_Abbeville;x
517;255;160;0;SC_McCormick;x
518;255;180;0;SC_Edgefield;x
519;255;200;0;SC_Aiken;x
520;255;220;0;SC_Barnwell;x
521;255;240;0;SC_Allendale;x
522;255;240;100;SC_Hampton;x
523;255;220;100;SC_Jasper;x
524;255;200;100;SC_Beaufort;x
525;255;180;100;SC_Colleton;x
526;255;160;100;SC_Charleston;x
527;179;230;100;MN_Steele;x
528;255;120;100;SC_Georgetown;x
529;255;100;100;SC_Horry;x
530;255;80;100;SC_Dillon;x
531;255;60;100;SC_Marlboro;x
532;255;40;100;SC_Chesterfield;x
533;255;20;100;SC_Lancaster;x
534;255;0;100;SC_Chester;x
535;254;0;0;SC_Union;x
536;254;20;0;SC_Laurens;x
537;254;40;0;SC_Greenwood;x
538;254;60;0;SC_Saluda;x
539;254;80;0;SC_Lexington;x
540;254;100;0;SC_Orangeburg;x
541;254;120;0;SC_Bamberg;x
542;254;140;0;SC_Dorchester;x
543;254;160;0;SC_Berkeley;x
544;254;180;0;SC_Williamsburg;x
545;254;200;0;SC_Marion;x
546;254;220;0;SC_Florence;x
547;254;240;0;SC_Darlington;x
548;254;240;100;SC_Lee;x
549;254;220;100;SC_Kershaw;x
550;254;200;100;SC_Fairfield;x
551;254;180;100;SC_Newberry;x
552;254;160;100;SC_Richland;x
553;254;140;100;SC_Calhoun;x
554;254;120;100;SC_Clarendon;x
555;254;100;100;SC_Sumter;x
556;254;80;100;NH_Coos;x
557;254;60;100;NH_Grafton;x
558;254;40;100;NH_Sullivan;x
559;254;20;100;NH_Cheshire;x
560;254;0;100;NH_Hillsborough;x
561;253;0;0;NH_Rockingham;x
562;253;20;0;NH_Strafford;x
563;253;40;0;NH_Carroll;x
564;253;60;0;NH_Belknap;x
565;253;80;0;NH_Merrimack;x
566;253;100;0;VA_Frederick;x
567;253;120;0;VA_Shenandoah;x
568;253;140;0;VA_Rockingham;x
569;253;160;0;VA_Augusta;x
570;253;180;0;VA_Highland;x
571;253;200;0;VA_Bath;x
572;253;220;0;VA_Alleghany;x
573;253;240;0;VA_Craig;x
574;253;240;100;VA_Giles;x
575;253;220;100;VA_Bland;x
576;253;200;100;VA_Tazewell;x
577;253;180;100;VA_Buchanan;x
578;253;160;100;VA_Dickenson;x
579;253;140;100;VA_Wise;x
580;253;120;100;VA_Lee;x
581;253;100;100;VA_Scott;x
582;253;80;100;VA_Washington;x
583;253;60;100;VA_Grayson;x
584;253;40;100;VA_Carroll;x
585;253;20;100;VA_Patrick;x
586;253;0;100;VA_Henry;x
587;252;0;0;VA_Pittsylvania;x
588;252;20;0;VA_Halifax;x
589;252;40;0;VA_Mecklenburg;x
590;252;60;0;VA_Brunswick;x
591;252;80;0;VA_Greensville;x
592;252;100;0;VA_Southampton;x
593;252;120;0;VA_Suffolk;x
594;252;140;0;VA_Chesapeake;x
595;252;160;0;VA_Virginia Beach;x
596;252;180;0;VA_Isle of Wight;x
597;252;200;0;VA_Surry;x
598;252;220;0;VA_Prince George;x
599;252;240;0;VA_Chesterfield;x
600;252;240;100;VA_Henrico;x
601;252;220;100;VA_Charles City;x
602;252;200;100;VA_James City;x
603;252;180;100;VA_York;x
604;252;160;100;VA_Newport News;x
605;252;140;100;VA_King William;x
606;252;120;100;VA_King and Queen;x
607;252;100;100;VA_Gloucester;x
608;252;80;100;VA_Middlesex;x
609;252;60;100;VA_Essex;x
610;252;40;100;VA_King George;x
611;252;20;100;VA_Westmoreland;x
612;252;0;100;VA_Richmond;x
613;251;0;0;VA_Lancaster;x
614;251;20;0;VA_Northumberland;x
615;251;40;0;VA_Stafford;x
616;251;60;0;VA_Prince William;x
617;251;80;0;VA_Fairfax;x
618;251;100;0;VA_Loudoun;x
619;251;120;0;VA_Clarke;x
620;251;140;0;VA_Fauquier;x
621;251;160;0;VA_Warren;x
622;251;180;0;VA_Page;x
623;251;200;0;VA_Greene;x
624;251;220;0;VA_Albemarle;x
625;251;230;0;VA_Nelson;x
626;251;240;0;VA_Rockbridge;x
627;251;250;100;VA_Amherst;x
628;251;240;100;VA_Botetourt;x
629;251;220;100;VA_Roanoke;x
630;251;200;100;VA_Montgomery;x
631;251;180;100;VA_Pulaski;x
632;251;160;100;VA_Wythe;x
633;251;140;100;VA_Smyth;x
634;251;120;100;VA_Russell;x
635;251;100;100;VA_Floyd;x
636;251;80;100;VA_Franklin;x
637;251;60;100;VA_Bedford;x
638;251;40;100;VA_Campbell;x
639;251;20;100;VA_Charlotte;x
640;251;0;100;VA_Lunenburg;x
641;250;0;0;VA_Nottoway;x
642;250;20;0;VA_Dinwiddie;x
643;250;40;0;VA_Sussex;x
644;250;60;0;VA_Amelia;x
645;250;80;0;VA_Powhatan;x
646;250;100;0;VA_Goochland;x
647;250;120;0;VA_Hanover;x
648;250;140;0;VA_Caroline;x
649;250;160;0;VA_Spotsylvania;x
650;250;180;0;VA_Culpeper;x
651;250;200;0;VA_Rappahannock;x
652;250;220;0;VA_Madison;x
653;250;240;0;VA_Orange;x
654;250;240;100;VA_Louisa;x
655;250;220;100;VA_Fluvanna;x
656;250;200;100;VA_Buckingham;x
657;250;180;100;VA_Appomattox;x
658;250;160;100;VA_Prince Edward;x
659;250;140;100;VA_Cumberland;x
660;250;120;100;VA_Mathews;x
661;250;100;100;VA_Northampton;x
662;250;80;100;VA_Accomack;x
663;250;60;100;VA_Richmond City;x
664;250;40;100;VA_Emporia;x
665;250;20;100;VA_Petersburg;x
666;250;0;100;VA_Franklin_City;x
667;249;0;0;VA_Colonial Heights;x
668;249;20;0;VA_Hopewell;x
669;249;40;0;VA_Portsmouth;x
670;249;60;0;VA_Norfolk;x
671;249;80;0;VA_Hampton;x
672;249;100;0;VA_Poquoson;x
673;249;120;0;VA_Williamsburg;x
674;249;140;0;VA_Fredericksburg;x
675;249;160;0;VA_Manassas;x
676;249;180;0;VA_Manassas Park;x
677;249;200;0;VA_Fairfax City;x
678;249;220;0;VA_Alexandria;x
679;249;240;0;VA_Arlington;x
680;249;240;100;VA_Falls Church;x
681;249;220;100;VA_Winchester;x
682;249;200;100;VA_Harrisonburg;x
683;249;180;100;VA_Staunton;x
684;249;160;100;VA_Waynesboro;x
685;249;140;100;VA_Charlottesville;x
686;249;120;100;VA_Covington;x
687;249;100;100;VA_Lexington;x
688;249;80;100;VA_Buena Vista;x
689;249;60;100;VA_Salem;x
690;249;40;100;VA_Roanoke City;x
691;249;20;100;VA_Radford;x
692;249;0;100;VA_Norton;x
693;248;0;0;VA_Bristol;x
694;248;20;0;VA_Galax;x
695;248;40;0;VA_Martinsville;x
696;252;230;100;VA_New Kent;x
697;248;80;0;VA_Lynchburg;x
698;248;100;0;VA_Danville;x
699;248;120;0;NY_Clinton;x
700;248;140;0;NY_Franklin;x
701;248;160;0;NY_St Lawrence;x
702;248;180;0;NY_Jefferson;x
703;248;200;0;NY_Oswego;x
704;248;220;0;NY_Cayuga;x
705;248;240;0;NY_Wayne;x
706;248;240;100;NY_Monroe;x
707;248;220;100;NY_Orleans;x
708;248;200;100;NY_Niagara;x
709;248;180;100;NY_Erie;x
710;248;160;100;NY_Chautauqua;x
711;248;140;100;NY_Cattaraugus;x
712;248;120;100;NY_Allegany;x
713;248;100;100;NY_Steuben;x
714;248;80;100;NY_Chemung;x
715;248;60;100;NY_Tioga;x
716;248;40;100;NY_Broome;x
717;248;20;100;NY_Delaware;x
718;248;0;100;NY_Sullivan;x
719;247;0;0;NY_Orange;x
720;247;20;0;NY_Rockland;x
721;247;40;0;NY_Westchester;x
722;247;60;0;NY_Putnam;x
723;247;80;0;NY_Dutchess;x
724;247;100;0;NY_Columbia;x
725;247;120;0;NY_Rensselaer;x
726;247;140;0;NY_Washington;x
727;247;160;0;NY_Warren;x
728;247;180;0;NY_Essex;x
729;247;200;0;NY_Hamilton;x
730;247;220;0;NY_Herkimer;x
731;247;240;0;NY_Lewis;x
732;247;240;100;NY_Oneida;x
733;247;220;100;NY_Madison;x
734;247;200;100;NY_Onondaga;x
735;247;180;100;NY_Seneca;x
736;247;160;100;NY_Ontario;x
737;247;140;100;NY_Livingston;x
738;247;120;100;NY_Genesee;x
739;247;100;100;NY_Wyoming;x
740;247;80;100;NY_Yates;x
741;247;60;100;NY_Schuyler;x
742;247;40;100;NY_Tompkins;x
743;247;20;100;NY_Cortland;x
744;247;0;100;NY_Chenango;x
745;246;0;0;NY_Otsego;x
746;246;20;0;NY_Schoharie;x
747;246;40;0;NY_Montgomery;x
748;246;60;0;NY_Fulton;x
749;246;80;0;NY_Saratoga;x
750;246;100;0;NY_Schenectady;x
751;246;120;0;NY_Albany;x
752;246;140;0;NY_Greene;x
753;246;160;0;NY_Ulster;x
754;246;180;0;NY_Bronx;x
755;246;200;0;NY_Manhattan;x
756;246;220;0;NY_Staten Island;x
757;246;240;0;NY_Brooklyn;x
758;246;240;100;NY_Queens;x
759;246;220;100;NY_Nassau;x
760;246;200;100;NY_Suffolk;x
761;118;170;0;CT_Northwest Hills;x
762;246;180;100;NC_Currituck;x
763;246;160;100;NC_Camden;x
764;246;140;100;NC_Pasquotank;x
765;246;120;100;NC_Perquimans;x
766;246;100;100;NC_Chowan;x
767;246;80;100;NC_Gates;x
768;246;60;100;NC_Hertford;x
769;246;40;100;NC_Northampton;x
770;246;20;100;NC_Warren;x
771;246;0;100;NC_Vance;x
772;245;0;0;NC_Granville;x
773;245;20;0;NC_Person;x
774;245;40;0;NC_Caswell;x
775;245;60;0;NC_Rockingham;x
776;245;80;0;NC_Stokes;x
777;245;100;0;NC_Surry;x
778;245;120;0;NC_Alleghany;x
779;245;140;0;NC_Ashe;x
780;245;160;0;NC_Watauga;x
781;245;180;0;NC_Avery;x
782;245;200;0;NC_Mitchell;x
783;245;220;0;NC_Yancey;x
784;245;240;0;NC_Madison;x
785;245;240;100;NC_Haywood;x
786;245;220;100;NC_Swain;x
787;245;200;100;NC_Graham;x
788;245;180;100;NC_Cherokee;x
789;245;160;100;NC_Clay;x
790;245;140;100;NC_Macon;x
791;245;120;100;NC_Jackson;x
792;245;100;100;NC_Transylvania;x
793;245;80;100;NC_Henderson;x
794;245;60;100;NC_Polk;x
795;245;40;100;NC_Rutherford;x
796;245;20;100;NC_Cleveland;x
797;245;0;100;NC_Gaston;x
798;244;0;0;NC_Mecklenburg;x
799;244;20;0;NC_Union;x
800;244;40;0;NC_Anson;x
801;244;60;0;NC_Richmond;x
802;244;80;0;NC_Scotland;x
803;244;100;0;NC_Robeson;x
804;244;120;0;NC_Columbus;x
805;244;140;0;NC_Brunswick;x
806;244;160;0;NC_New Hanover;x
807;244;180;0;NC_Pender;x
808;244;200;0;NC_Onslow;x
809;244;220;0;NC_Carteret;x
810;244;240;0;NC_Craven;x
811;244;240;100;NC_Pamlico;x
812;244;220;100;NC_Beaufort;x
813;244;200;100;NC_Hyde;x
814;244;180;100;NC_Dare;x
815;244;160;100;NC_Tyrrell;x
816;244;140;100;NC_Washington;x
817;244;120;100;NC_Bertie;x
818;244;100;100;NC_Halifax;x
819;244;80;100;NC_Nash;x
820;244;60;100;NC_Franklin;x
821;244;40;100;NC_Wake;x
822;244;20;100;NC_Durham;x
823;244;0;100;NC_Orange;x
824;243;0;0;NC_Alamance;x
825;243;20;0;NC_Guilford;x
826;243;40;0;NC_Forsyth;x
827;243;60;0;NC_Yadkin;x
828;243;80;0;NC_Wilkes;x
829;243;100;0;NC_Caldwell;x
830;243;120;0;NC_Burke;x
831;243;140;0;NC_McDowell;x
832;243;160;0;NC_Buncombe;x
833;243;180;0;NC_Catawba;x
834;243;200;0;NC_Lincoln;x
835;243;220;0;NC_Alexander;x
836;243;240;0;NC_Iredell;x
837;243;240;100;NC_Davie;x
838;243;220;100;NC_Davidson;x
839;243;200;100;NC_Rowan;x
840;243;180;100;NC_Cabarrus;x
841;243;160;100;NC_Stanly;x
842;243;140;100;NC_Montgomery;x
843;243;120;100;NC_Randolph;x
844;243;100;100;NC_Chatham;x
845;243;80;100;NC_Lee;x
846;243;60;100;NC_Moore;x
847;243;40;100;NC_Hoke;x
848;243;20;100;NC_Cumberland;x
849;243;0;100;NC_Harnett;x
850;242;0;0;NC_Bladen;x
851;242;20;0;NC_Sampson;x
852;242;40;0;NC_Duplin;x
853;242;60;0;NC_Wayne;x
854;242;80;0;NC_Johnston;x
855;242;100;0;NC_Wilson;x
856;242;120;0;NC_Edgecombe;x
857;242;140;0;NC_Martin;x
858;242;160;0;NC_Pitt;x
859;242;180;0;NC_Greene;x
860;242;200;0;NC_Lenoir;x
861;242;220;0;NC_Jones;x
862;242;240;0;RI_Washington;x
863;242;240;100;RI_Kent;x
864;242;220;100;RI_Providence;x
865;242;200;100;RI_Bristol;x
866;242;180;100;RI_Newport;x
867;242;160;100;VT_Grand Isle;x
868;242;140;100;VT_Franklin;x
869;242;120;100;VT_Orleans;x
870;242;100;100;VT_Essex;x
871;242;80;100;VT_Caledonia;x
872;242;60;100;VT_Orange;x
873;242;40;100;VT_Windsor;x
874;242;20;100;VT_Windham;x
875;242;0;100;VT_Bennington;x
876;241;0;0;VT_Rutland;x
877;241;20;0;VT_Addison;x
878;241;40;0;VT_Chittenden;x
879;241;60;0;VT_Lamoille;x
880;241;80;0;VT_Washington;x
881;241;100;0;KY_Campbell;x
882;241;120;0;KY_Kenton;x
883;241;140;0;KY_Boone;x
884;241;160;0;KY_Gallatin;x
885;241;180;0;KY_Carroll;x
886;241;200;0;KY_Trimble;x
887;241;220;0;KY_Oldham;x
888;241;240;0;KY_Jefferson;x
889;241;240;100;KY_Bullitt;x
890;241;220;100;KY_Hardin;x
891;241;200;100;KY_Meade;x
892;241;180;100;KY_Breckinridge;x
893;241;160;100;KY_Hancock;x
894;241;140;100;KY_Daviess;x
895;241;120;100;KY_Henderson;x
896;241;100;100;KY_Union;x
897;241;80;100;KY_Crittenden;x
898;241;60;100;KY_Livingston;x
899;241;40;100;KY_McCracken;x
900;241;20;100;KY_Ballard;x
901;241;0;100;KY_Carlisle;x
902;240;0;0;KY_Hickman;x
903;240;20;0;KY_Fulton;x
904;240;40;0;KY_Graves;x
905;240;60;0;KY_Calloway;x
906;240;80;0;KY_Trigg;x
907;240;100;0;KY_Christian;x
908;240;120;0;KY_Todd;x
909;240;140;0;KY_Logan;x
910;240;160;0;KY_Simpson;x
911;240;180;0;KY_Allen;x
912;240;200;0;KY_Monroe;x
913;240;220;0;KY_Cumberland;x
914;240;240;0;KY_Clinton;x
915;240;240;100;KY_Wayne;x
916;240;220;100;KY_McCreary;x
917;240;200;100;KY_Whitley;x
918;240;180;100;KY_Bell;x
919;240;160;100;KY_Harlan;x
920;240;140;100;KY_Letcher;x
921;240;120;100;KY_Pike;x
922;240;100;100;KY_Martin;x
923;240;80;100;KY_Lawrence;x
924;240;60;100;KY_Boyd;x
925;240;40;100;KY_Greenup;x
926;240;20;100;KY_Lewis;x
927;240;0;100;KY_Mason;x
928;239;0;0;KY_Bracken;x
929;239;20;0;KY_Pendleton;x
930;239;40;0;KY_Grant;x
931;239;60;0;KY_Owen;x
932;239;80;0;KY_Henry;x
933;239;100;0;KY_Shelby;x
934;239;120;0;KY_Spencer;x
935;239;140;0;KY_Nelson;x
936;239;160;0;KY_Larue;x
937;239;180;0;KY_Hart;x
938;239;200;0;KY_Grayson;x
939;239;220;0;KY_Ohio;x
940;239;240;0;KY_McLean;x
941;239;240;100;KY_Webster;x
942;239;220;100;KY_Marshall;x
943;239;200;100;KY_Lyon;x
944;239;180;100;KY_Caldwell;x
945;239;160;100;KY_Hopkins;x
946;239;140;100;KY_Muhlenberg;x
947;239;120;100;KY_Butler;x
948;239;100;100;KY_Warren;x
949;239;80;100;KY_Edmonson;x
950;239;60;100;KY_Barren;x
951;239;40;100;KY_Metcalfe;x
952;239;20;100;KY_Adair;x
953;239;0;100;KY_Russell;x
954;238;0;0;KY_Pulaski;x
955;238;20;0;KY_Laurel;x
956;238;40;0;KY_Clay;x
957;238;60;0;KY_Knox;x
958;238;80;0;KY_Leslie;x
959;238;100;0;KY_Perry;x
960;238;120;0;KY_Knott;x
961;238;140;0;KY_Floyd;x
962;238;160;0;KY_Johnson;x
963;238;180;0;KY_Morgan;x
964;238;200;0;KY_Elliott;x
965;238;220;0;KY_Carter;x
966;238;240;0;KY_Rowan;x
967;238;240;100;KY_Fleming;x
968;238;220;100;KY_Robertson;x
969;238;200;100;KY_Harrison;x
970;238;180;100;KY_Scott;x
971;238;160;100;KY_Franklin;x
972;238;140;100;KY_Anderson;x
973;238;120;100;KY_Washington;x
974;238;100;100;KY_Marion;x
975;238;80;100;KY_Green;x
976;238;60;100;KY_Taylor;x
977;238;40;100;KY_Casey;x
978;238;20;100;KY_Lincoln;x
979;238;0;100;KY_Rockcastle;x
980;237;0;0;KY_Jackson;x
981;237;20;0;KY_Owsley;x
982;237;40;0;KY_Breathitt;x
983;237;60;0;KY_Magoffin;x
984;237;80;0;KY_Wolfe;x
985;237;100;0;KY_Menifee;x
986;237;120;0;KY_Bath;x
987;237;140;0;KY_Nicholas;x
988;237;160;0;KY_Bourbon;x
989;237;180;0;KY_Fayette;x
990;237;200;0;KY_Woodford;x
991;237;220;0;KY_Mercer;x
992;237;240;0;KY_Boyle;x
993;237;240;100;KY_Garrard;x
994;237;220;100;KY_Jessamine;x
995;237;200;100;KY_Madison;x
996;237;180;100;KY_Estill;x
997;237;160;100;KY_Lee;x
998;237;140;100;KY_Powell;x
999;237;120;100;KY_Montgomery;x
1000;237;100;100;KY_Clark;x
1001;237;80;100;TN_Johnson;x
1002;237;60;100;TN_Sullivan;x
1003;237;40;100;TN_Hawkins;x
1004;237;20;100;TN_Hancock;x
1005;237;0;100;TN_Claiborne;x
1006;236;0;0;TN_Campbell;x
1007;236;20;0;TN_Scott;x
1008;236;40;0;TN_Pickett;x
1009;236;60;0;TN_Clay;x
1010;236;80;0;TN_Macon;x
1011;236;100;0;TN_Sumner;x
1012;236;120;0;TN_Robertson;x
1013;236;140;0;TN_Montgomery;x
1014;236;160;0;TN_Stewart;x
1015;236;180;0;TN_Henry;x
1016;236;200;0;TN_Weakley;x
1017;236;220;0;TN_Obion;x
1018;236;240;0;TN_Lake;x
1019;236;240;100;TN_Dyer;x
1020;236;220;100;TN_Lauderdale;x
1021;236;200;100;TN_Tipton;x
1022;236;180;100;TN_Shelby;x
1023;236;160;100;TN_Fayette;x
1024;236;140;100;TN_Hardeman;x
1025;236;120;100;TN_McNairy;x
1026;236;100;100;TN_Hardin;x
1027;236;80;100;TN_Wayne;x
1028;236;60;100;TN_Lawrence;x
1029;236;40;100;TN_Giles;x
1030;236;20;100;TN_Lincoln;x
1031;236;0;100;TN_Franklin;x
1032;235;0;0;TN_Marion;x
1033;235;20;0;TN_Hamilton;x
1034;235;40;0;TN_Bradley;x
1035;235;60;0;TN_Polk;x
1036;235;80;0;TN_Monroe;x
1037;235;100;0;TN_Blount;x
1038;235;120;0;TN_Sevier;x
1039;235;140;0;TN_Cocke;x
1040;235;160;0;TN_Greene;x
1041;235;180;0;TN_Washington;x
1042;235;200;0;TN_Unicoi;x
1043;235;220;0;TN_Carter;x
1044;235;240;0;TN_Hamblen;x
1045;235;240;100;TN_Grainger;x
1046;235;220;100;TN_Union;x
1047;235;200;100;TN_Anderson;x
1048;235;180;100;TN_Morgan;x
1049;235;160;100;TN_Fentress;x
1050;235;140;100;TN_Overton;x
1051;235;120;100;TN_Jackson;x
1052;235;100;100;TN_Smith;x
1053;235;80;100;TN_Trousdale;x
1054;235;60;100;TN_Wilson;x
1055;235;40;100;TN_Davidson;x
1056;235;20;100;TN_Cheatham;x
1057;235;0;100;TN_Dickson;x
1058;234;0;0;TN_Houston;x
1059;234;20;0;TN_Benton;x
1060;234;40;0;TN_Carroll;x
1061;234;60;0;TN_Gibson;x
1062;234;80;0;TN_Crockett;x
1063;234;100;0;TN_Haywood;x
1064;234;120;0;TN_Madison;x
1065;234;140;0;TN_Chester;x
1066;234;160;0;TN_Henderson;x
1067;234;180;0;TN_Decatur;x
1068;234;200;0;TN_Perry;x
1069;234;220;0;TN_Lewis;x
1070;234;240;0;TN_Maury;x
1071;234;240;100;TN_Marshall;x
1072;234;220;100;TN_Bedford;x
1073;234;200;100;TN_Moore;x
1074;234;180;100;TN_Coffee;x
1075;234;160;100;TN_Grundy;x
1076;234;140;100;TN_Sequatchie;x
1077;234;120;100;TN_Bledsoe;x
1078;234;100;100;TN_Rhea;x
1079;234;80;100;TN_McMinn;x
1080;234;60;100;TN_Loudon;x
1081;234;40;100;TN_Jefferson;x
1082;234;20;100;TN_Knox;x
1083;234;0;100;TN_Roane;x
1084;233;0;0;TN_Meigs;x
1085;233;20;0;TN_Cumberland;x
1086;233;40;0;TN_Putnam;x
1087;233;60;0;TN_DeKalb;x
1088;233;80;0;TN_White;x
1089;233;100;0;TN_Van Buren;x
1090;233;120;0;TN_Warren;x
1091;233;140;0;TN_Cannon;x
1092;233;160;0;TN_Rutherford;x
1093;233;180;0;TN_Williamson;x
1094;233;200;0;TN_Hickman;x
1095;233;220;0;TN_Humphreys;x
1096;233;240;0;OH_Ashtabula;x
1097;233;240;100;OH_Lake;x
1098;233;220;100;OH_Cuyahoga;x
1099;233;200;100;OH_Lorain;x
1100;233;180;100;OH_Sandusky;x
1101;233;160;100;OH_Ottawa;x
1102;233;140;100;OH_Lucas;x
1103;233;120;100;OH_Fulton;x
1104;233;100;100;OH_Williams;x
1105;233;80;100;OH_Defiance;x
1106;233;60;100;OH_Paulding;x
1107;233;40;100;OH_Van Wert;x
1108;233;20;100;OH_Mercer;x
1109;233;0;100;OH_Erie;x
1110;232;0;0;OH_Darke;x
1111;232;20;0;OH_Preble;x
1112;232;40;0;OH_Butler;x
1113;232;60;0;OH_Hamilton;x
1114;232;80;0;OH_Clermont;x
1115;232;100;0;OH_Brown;x
1116;232;120;0;OH_Adams;x
1117;232;140;0;OH_Scioto;x
1118;232;160;0;OH_Lawrence;x
1119;232;180;0;OH_Gallia;x
1120;232;200;0;OH_Meigs;x
1121;232;220;0;OH_Athens;x
1122;232;240;0;OH_Washington;x
1123;232;240;100;OH_Monroe;x
1124;232;220;100;OH_Belmont;x
1125;232;200;100;OH_Jefferson;x
1126;232;180;100;OH_Columbiana;x
1127;232;160;100;OH_Mahoning;x
1128;232;140;100;OH_Trumbull;x
1129;232;120;100;OH_Geauga;x
1130;232;100;100;OH_Portage;x
1131;232;80;100;OH_Summit;x
1132;232;60;100;OH_Medina;x
1133;232;40;100;OH_Ashland;x
1134;232;20;100;OH_Huron;x
1135;232;0;100;OH_Seneca;x
1136;231;0;0;OH_Wood;x
1137;231;20;0;OH_Henry;x
1138;231;40;0;OH_Putnam;x
1139;231;60;0;OH_Allen;x
1140;231;80;0;OH_Auglaize;x
1141;231;100;0;OH_Shelby;x
1142;231;120;0;OH_Miami;x
1143;231;140;0;OH_Montgomery;x
1144;231;160;0;OH_Warren;x
1145;231;180;0;OH_Clinton;x
1146;231;200;0;OH_Highland;x
1147;231;220;0;OH_Pike;x
1148;231;240;0;OH_Jackson;x
1149;231;240;100;OH_Vinton;x
1150;231;220;100;OH_Hocking;x
1151;231;200;100;OH_Perry;x
1152;231;180;100;OH_Morgan;x
1153;231;160;100;OH_Noble;x
1154;231;140;100;OH_Guernsey;x
1155;231;120;100;OH_Harrison;x
1156;231;100;100;OH_Carroll;x
1157;231;80;100;OH_Stark;x
1158;231;60;100;OH_Wayne;x
1159;231;40;100;OH_Holmes;x
1160;231;20;100;OH_Knox;x
1161;231;0;100;OH_Richland;x
1162;230;0;0;OH_Crawford;x
1163;230;20;0;OH_Morrow;x
1164;230;40;0;OH_Marion;x
1165;230;60;0;OH_Wyandot;x
1166;230;80;0;OH_Hancock;x
1167;230;100;0;OH_Hardin;x
1168;230;120;0;OH_Logan;x
1169;230;140;0;OH_Champaign;x
1170;230;160;0;OH_Clark;x
1171;230;180;0;OH_Greene;x
1172;230;200;0;OH_Madison;x
1173;230;220;0;OH_Fayette;x
1174;230;240;0;OH_Ross;x
1175;230;240;100;OH_Union;x
1176;230;220;100;OH_Delaware;x
1177;230;200;100;OH_Franklin;x
1178;230;180;100;OH_Pickaway;x
1179;230;160;100;OH_Fairfield;x
1180;230;140;100;OH_Licking;x
1181;230;120;100;OH_Muskingum;x
1182;230;100;100;OH_Coshocton;x
1183;230;80;100;OH_Tuscarawas;x
1184;230;60;100;LA_East Carroll;x
1185;230;40;100;LA_West Carroll;x
1186;230;20;100;LA_Morehouse;x
1187;230;0;100;LA_Union;x
1188;229;0;0;LA_Claiborne;x
1189;229;20;0;LA_Webster;x
1190;229;40;0;LA_Bossier;x
1191;229;60;0;LA_Caddo;x
1192;229;80;0;LA_De Soto;x
1193;229;100;0;LA_Red River;x
1194;229;120;0;LA_Bienville;x
1195;229;140;0;LA_Lincoln;x
1196;229;160;0;LA_Jackson;x
1197;229;180;0;LA_Ouachita;x
1198;229;200;0;LA_Richland;x
1199;229;220;0;LA_Madison;x
1200;229;240;0;LA_Tensas;x
1201;229;240;100;LA_Franklin;x
1202;229;220;100;LA_Caldwell;x
1203;229;200;100;LA_Winn;x
1204;229;180;100;LA_Natchitoches;x
1205;229;160;100;LA_Sabine;x
1206;229;140;100;LA_Vernon;x
1207;229;120;100;LA_Rapides;x
1208;229;100;100;LA_Grant;x
1209;229;80;100;LA_Lasalle;x
1210;229;60;100;LA_Catahoula;x
1211;229;40;100;LA_Concordia;x
1212;229;20;100;LA_Avoyelles;x
1213;229;0;100;LA_Evangeline;x
1214;228;0;0;LA_Allen;x
1215;228;20;0;LA_Beauregard;x
1216;228;40;0;LA_Calcasieu;x
1217;228;60;0;LA_Cameron;x
1218;228;80;0;LA_Jefferson Davis;x
1219;228;100;0;LA_Acadia;x
1220;228;120;0;LA_Saint Landry;x
1221;228;140;0;LA_Pointe Coupee;x
1222;228;160;0;LA_West Feliciana;x
1223;228;180;0;LA_East Feliciana;x
1224;228;200;0;LA_Saint Helena;x
1225;228;220;0;LA_Tangipahoa;x
1226;228;240;0;LA_Washington;x
1227;228;240;100;LA_Saint Tammany;x
1228;228;220;100;LA_Orleans;x
1229;228;200;100;LA_Saint Bernard;x
1230;228;180;100;LA_Plaquemines;x
1231;228;160;100;LA_Jefferson;x
1232;228;140;100;LA_Saint Charles;x
1233;228;120;100;LA_Saint John the Baptist;x
1234;228;100;100;LA_Livingston;x
1235;228;80;100;LA_East Baton Rouge;x
1236;228;60;100;LA_West Baton Rouge;x
1237;228;40;100;LA_Iberville;x
1238;228;20;100;LA_Saint Martin_North;x
1239;228;0;100;LA_Lafayette;x
1240;227;0;0;LA_Vermilion;x
1241;227;20;0;LA_Iberia;x
1242;227;40;0;LA_Saint Mary;x
1243;227;60;0;LA_Saint Martin_South;x
1244;227;80;0;LA_Assumption;x
1245;227;100;0;LA_Ascension;x
1246;227;120;0;LA_Saint James;x
1247;227;140;0;LA_Lafourche;x
1248;227;160;0;LA_Terrebonne;x
1249;227;180;0;IN_Steuben;x
1250;227;200;0;IN_Lagrange;x
1251;227;220;0;IN_Elkhart;x
1252;227;240;0;IN_Saint Joseph;x
1253;227;240;100;IN_Laporte;x
1254;227;220;100;IN_Porter;x
1255;227;200;100;IN_Lake;x
1256;227;180;100;IN_Newton;x
1257;227;160;100;IN_Jasper;x
1258;227;140;100;IN_Starke;x
1259;227;120;100;IN_Marshall;x
1260;227;100;100;IN_Kosciusko;x
1261;227;80;100;IN_Noble;x
1262;227;60;100;IN_Dekalb;x
1263;227;40;100;IN_Allen;x
1264;227;20;100;IN_Whitley;x
1265;227;0;100;IN_Wabash;x
1266;226;0;0;IN_Fulton;x
1267;226;20;0;IN_Pulaski;x
1268;226;40;0;IN_White;x
1269;226;60;0;IN_Benton;x
1270;226;80;0;IN_Warren;x
1271;226;100;0;IN_Tippecanoe;x
1272;226;120;0;IN_Carroll;x
1273;226;140;0;IN_Cass;x
1274;226;160;0;IN_Miami;x
1275;226;180;0;IN_Grant;x
1276;226;200;0;IN_Huntington;x
1277;226;220;0;IN_Wells;x
1278;226;240;0;IN_Adams;x
1279;226;240;100;IN_Jay;x
1280;226;220;100;IN_Blackford;x
1281;226;200;100;IN_Delaware;x
1282;226;180;100;IN_Madison;x
1283;226;160;100;IN_Tipton;x
1284;226;140;100;IN_Howard;x
1285;226;120;100;IN_Clinton;x
1286;226;100;100;IN_Montgomery;x
1287;226;80;100;IN_Fountain;x
1288;226;60;100;IN_Vermillion;x
1289;226;40;100;IN_Parke;x
1290;226;20;100;IN_Putnam;x
1291;226;0;100;IN_Hendricks;x
1292;225;0;0;IN_Boone;x
1293;225;20;0;IN_Hamilton;x
1294;225;40;0;IN_Marion;x
1295;225;60;0;IN_Hancock;x
1296;225;80;0;IN_Henry;x
1297;225;100;0;IN_Randolph;x
1298;225;120;0;IN_Wayne;x
1299;225;140;0;IN_Union;x
1300;225;160;0;IN_Fayette;x
1301;225;180;0;IN_Rush;x
1302;225;200;0;IN_Shelby;x
1303;225;220;0;IN_Johnson;x
1304;225;240;0;IN_Morgan;x
1305;225;240;100;IN_Owen;x
1306;225;220;100;IN_Clay;x
1307;225;200;100;IN_Vigo;x
1308;225;180;100;IN_Sullivan;x
1309;225;160;100;IN_Greene;x
1310;225;140;100;IN_Monroe;x
1311;225;120;100;IN_Brown;x
1312;225;100;100;IN_Bartholomew;x
1313;225;80;100;IN_Decatur;x
1314;225;60;100;IN_Franklin;x
1315;225;40;100;IN_Dearborn;x
1316;225;20;100;IN_Ripley;x
1317;225;0;100;IN_Jennings;x
1318;224;0;0;IN_Jackson;x
1319;224;20;0;IN_Lawrence;x
1320;224;40;0;IN_Martin;x
1321;224;60;0;IN_Daviess;x
1322;224;80;0;IN_Knox;x
1323;224;100;0;IN_Gibson;x
1324;224;120;0;IN_Pike;x
1325;224;140;0;IN_Dubois;x
1326;224;160;0;IN_Orange;x
1327;224;180;0;IN_Washington;x
1328;224;200;0;IN_Scott;x
1329;224;220;0;IN_Jefferson;x
1330;224;240;0;IN_Switzerland;x
1331;224;240;100;IN_Ohio;x
1332;224;220;100;IN_Clark;x
1333;224;200;100;IN_Floyd;x
1334;224;180;100;IN_Harrison;x
1335;224;160;100;IN_Crawford;x
1336;224;140;100;IN_Perry;x
1337;224;120;100;IN_Spencer;x
1338;224;100;100;IN_Warrick;x
1339;224;80;100;IN_Vanderburgh;x
1340;224;60;100;IN_Posey;x
1341;224;40;100;MS_Tishomingo;x
1342;224;20;100;MS_Prentiss;x
1343;224;0;100;MS_Alcorn;x
1344;223;0;0;MS_Tippah;x
1345;223;20;0;MS_Benton;x
1346;223;40;0;MS_Marshall;x
1347;223;60;0;MS_Tate;x
1348;223;80;0;MS_Desoto;x
1349;223;100;0;MS_Tunica;x
1350;223;120;0;MS_Coahoma;x
1351;223;140;0;MS_Quitman;x
1352;223;160;0;MS_Panola;x
1353;223;180;0;MS_Lafayette;x
1354;223;200;0;MS_Union;x
1355;223;220;0;MS_Pontotoc;x
1356;223;240;0;MS_Lee;x
1357;223;240;100;MS_Itawamba;x
1358;223;220;100;MS_Monroe;x
1359;223;200;100;MS_Chickasaw;x
1360;223;180;100;MS_Calhoun;x
1361;223;160;100;MS_Yalobusha;x
1362;223;140;100;MS_Grenada;x
1363;223;120;100;MS_Tallahatchie;x
1364;223;100;100;MS_Sunflower;x
1365;223;80;100;MS_Bolivar;x
1366;223;60;100;MS_Washington;x
1367;223;40;100;MS_Humphreys;x
1368;223;20;100;MS_Leflore;x
1369;223;0;100;MS_Carroll;x
1370;222;0;0;MS_Montgomery;x
1371;222;20;0;MS_Webster;x
1372;222;40;0;MS_Oktibbeha;x
1373;222;60;0;MS_Clay;x
1374;222;80;0;MS_Lowndes;x
1375;222;100;0;MS_Noxubee;x
1376;222;120;0;MS_Winston;x
1377;222;140;0;MS_Choctaw;x
1378;222;160;0;MS_Attala;x
1379;222;180;0;MS_Holmes;x
1380;222;200;0;MS_Yazoo;x
1381;222;220;0;MS_Sharkey;x
1382;222;240;0;MS_Issaquena;x
1383;222;240;100;MS_Warren;x
1384;222;220;100;MS_Hinds;x
1385;222;200;100;MS_Madison;x
1386;222;180;100;MS_Leake;x
1387;222;160;100;MS_Neshoba;x
1388;222;140;100;MS_Kemper;x
1389;222;120;100;MS_Lauderdale;x
1390;222;100;100;MS_Newton;x
1391;222;80;100;MS_Scott;x
1392;222;60;100;MS_Rankin;x
1393;222;40;100;MS_Simpson;x
1394;222;20;100;MS_Copiah;x
1395;222;0;100;MS_Claiborne;x
1396;221;0;0;MS_Jefferson;x
1397;221;20;0;MS_Adams;x
1398;221;40;0;MS_Franklin;x
1399;221;60;0;MS_Lincoln;x
1400;221;80;0;MS_Lawrence;x
1401;221;100;0;MS_Jefferson Davis;x
1402;221;120;0;MS_Covington;x
1403;221;140;0;MS_Smith;x
1404;221;160;0;MS_Jasper;x
1405;221;180;0;MS_Jones;x
1406;221;200;0;MS_Wayne;x
1407;221;220;0;MS_Clarke;x
1408;221;240;0;MS_Greene;x
1409;221;240;100;MS_Perry;x
1410;221;220;100;MS_Forrest;x
1411;221;200;100;MS_Lamar;x
1412;221;180;100;MS_Marion;x
1413;221;160;100;MS_Walthall;x
1414;221;140;100;MS_Pike;x
1415;221;120;100;MS_Amite;x
1416;221;100;100;MS_Wilkinson;x
1417;221;80;100;MS_Pearl River;x
1418;221;60;100;MS_Stone;x
1419;221;40;100;MS_George;x
1420;221;20;100;MS_Jackson;x
1421;221;0;100;MS_Harrison;x
1422;220;0;0;MS_Hancock;x
1423;220;20;0;IL_Jo Daviess;x
1424;220;40;0;IL_Stephenson;x
1425;220;60;0;IL_Winnebago;x
1426;220;80;0;IL_Boone;x
1427;220;100;0;IL_McHenry;x
1428;220;120;0;IL_Lake;x
1429;220;140;0;IL_Cook;x
1430;220;160;0;IL_DuPage;x
1431;220;180;0;IL_Kane;x
1432;220;200;0;IL_DeKalb;x
1433;220;220;0;IL_Ogle;x
1434;220;240;0;IL_Carroll;x
1435;220;240;100;IL_Whiteside;x
1436;220;220;100;IL_Lee;x
1437;220;200;100;IL_LaSalle;x
1438;220;180;100;IL_Kendall;x
1439;220;160;100;IL_Will;x
1440;220;140;100;IL_Kankakee;x
1441;220;120;100;IL_Grundy;x
1442;220;100;100;IL_Livingston;x
1443;220;80;100;IL_Woodford;x
1444;220;60;100;IL_Marshall;x
1445;220;40;100;IL_Putnam;x
1446;220;20;100;IL_Bureau;x
1447;220;0;100;IL_Henry;x
1448;219;0;0;IL_Rock Island;x
1449;219;20;0;IL_Mercer;x
1450;219;40;0;IL_Henderson;x
1451;219;60;0;IL_Warren;x
1452;219;80;0;IL_Knox;x
1453;219;100;0;IL_Stark;x
1454;219;120;0;IL_Peoria;x
1455;219;140;0;IL_Tazewell;x
1456;219;160;0;IL_McLean;x
1457;219;180;0;IL_Ford;x
1458;219;200;0;IL_Iroquois;x
1459;219;220;0;IL_Vermilion;x
1460;219;240;0;IL_Champaign;x
1461;219;240;100;IL_Piatt;x
1462;219;220;100;IL_De Witt;x
1463;219;200;100;IL_Logan;x
1464;219;180;100;IL_Menard;x
1465;219;160;100;IL_Mason;x
1466;219;140;100;IL_Fulton;x
1467;219;120;100;IL_McDonough;x
1468;219;100;100;IL_Hancock;x
1469;219;80;100;IL_Adams;x
1470;219;60;100;IL_Brown;x
1471;219;40;100;IL_Schuyler;x
1472;219;20;100;IL_Cass;x
1473;219;0;100;IL_Morgan;x
1474;218;0;0;IL_Sangamon;x
1475;218;20;0;IL_Macon;x
1476;218;40;0;IL_Moultrie;x
1477;218;60;0;IL_Douglas;x
1478;218;80;0;IL_Edgar;x
1479;218;100;0;IL_Clark;x
1480;218;120;0;IL_Cumberland;x
1481;218;140;0;IL_Coles;x
1482;218;160;0;IL_Shelby;x
1483;218;180;0;IL_Christian;x
1484;218;200;0;IL_Montgomery;x
1485;218;220;0;IL_Macoupin;x
1486;218;240;0;IL_Greene;x
1487;218;240;100;IL_Scott;x
1488;218;220;100;IL_Pike;x
1489;218;200;100;IL_Calhoun;x
1490;218;180;100;IL_Jersey;x
1491;218;160;100;IL_Madison;x
1492;218;140;100;IL_Bond;x
1493;218;120;100;IL_Fayette;x
1494;218;100;100;IL_Effingham;x
1495;218;80;100;IL_Jasper;x
1496;218;60;100;IL_Crawford;x
1497;218;40;100;IL_Lawrence;x
1498;218;20;100;IL_Richland;x
1499;218;0;100;IL_Clay;x
1500;217;0;0;IL_Marion;x
1501;217;20;0;IL_Clinton;x
1502;217;40;0;IL_Saint Clair;x
1503;217;60;0;IL_Monroe;x
1504;217;80;0;IL_Randolph;x
1505;217;100;0;IL_Washington;x
1506;217;120;0;IL_Perry;x
1507;217;140;0;IL_Jefferson;x
1508;217;160;0;IL_Wayne;x
1509;217;180;0;IL_Edwards;x
1510;217;200;0;IL_Wabash;x
1511;217;220;0;IL_White;x
1512;217;240;0;IL_Hamilton;x
1513;217;240;100;IL_Franklin;x
1514;217;220;100;IL_Jackson;x
1515;217;200;100;IL_Union;x
1516;217;180;100;IL_Williamson;x
1517;217;160;100;IL_Saline;x
1518;217;140;100;IL_Gallatin;x
1519;217;120;100;IL_Hardin;x
1520;217;100;100;IL_Pope;x
1521;217;80;100;IL_Massac;x
1522;217;60;100;IL_Johnson;x
1523;217;40;100;IL_Pulaski;x
1524;217;20;100;IL_Alexander;x
1525;217;0;100;AL_Jackson;x
1526;216;0;0;AL_Madison;x
1527;216;20;0;AL_Limestone;x
1528;216;40;0;AL_Lauderdale;x
1529;216;60;0;AL_Colbert;x
1530;216;80;0;AL_Franklin;x
1531;216;100;0;AL_Lawrence;x
1532;216;120;0;AL_Morgan;x
1533;216;140;0;AL_Marshall;x
1534;216;160;0;AL_DeKalb;x
1535;216;180;0;AL_Cherokee;x
1536;216;200;0;AL_Etowah;x
1537;216;220;0;AL_Blount;x
1538;216;240;0;AL_Cullman;x
1539;216;240;100;AL_Winston;x
1540;216;220;100;AL_Marion;x
1541;216;200;100;AL_Lamar;x
1542;216;180;100;AL_Fayette;x
1543;216;160;100;AL_Walker;x
1544;216;140;100;AL_Jefferson;x
1545;216;120;100;AL_St Clair;x
1546;216;100;100;AL_Calhoun;x
1547;216;80;100;AL_Cleburne;x
1548;216;60;100;AL_Randolph;x
1549;216;40;100;AL_Clay;x
1550;216;20;100;AL_Talladega;x
1551;216;0;100;AL_Shelby;x
1552;215;0;0;AL_Bibb;x
1553;215;20;0;AL_Tuscaloosa;x
1554;215;40;0;AL_Pickens;x
1555;215;60;0;AL_Sumter;x
1556;215;80;0;AL_Greene;x
1557;215;100;0;AL_Hale;x
1558;215;120;0;AL_Perry;x
1559;215;140;0;AL_Chilton;x
1560;215;160;0;AL_Coosa;x
1561;215;180;0;AL_Tallapoosa;x
1562;215;200;0;AL_Chambers;x
1563;215;220;0;AL_Lee;x
1564;215;240;0;AL_Macon;x
1565;215;240;100;AL_Elmore;x
1566;215;220;100;AL_Autauga;x
1567;215;200;100;AL_Dallas;x
1568;215;180;100;AL_Wilcox;x
1569;215;160;100;AL_Marengo;x
1570;215;140;100;AL_Choctaw;x
1571;215;120;100;AL_Washington;x
1572;215;100;100;AL_Clarke;x
1573;215;80;100;AL_Monroe;x
1574;215;60;100;AL_Conecuh;x
1575;215;40;100;AL_Butler;x
1576;215;20;100;AL_Lowndes;x
1577;215;0;100;AL_Montgomery;x
1578;214;0;0;AL_Bullock;x
1579;214;20;0;AL_Russell;x
1580;214;40;0;AL_Barbour;x
1581;214;60;0;AL_Pike;x
1582;214;80;0;AL_Crenshaw;x
1583;214;100;0;AL_Coffee;x
1584;214;120;0;AL_Dale;x
1585;214;140;0;AL_Henry;x
1586;214;160;0;AL_Houston;x
1587;214;180;0;AL_Geneva;x
1588;214;200;0;AL_Covington;x
1589;214;220;0;AL_Escambia;x
1590;214;240;0;AL_Baldwin;x
1591;214;240;100;AL_Mobile;x
1592;214;220;100;ME_Aroostook;x
1593;214;200;100;ME_Piscataquis;x
1594;214;180;100;ME_Somerset;x
1595;214;160;100;ME_Franklin;x
1596;214;140;100;ME_Oxford;x
1597;214;120;100;ME_York;x
1598;214;100;100;ME_Cumberland;x
1599;214;80;100;ME_Androscoggin;x
1600;214;60;100;ME_Kennebec;x
1601;214;40;100;ME_Sagadahoc;x
1602;214;20;100;ME_Lincoln;x
1603;214;0;100;ME_Knox;x
1604;213;0;0;ME_Waldo;x
1605;213;20;0;ME_Penobscot;x
1606;213;40;0;ME_Hancock;x
1607;213;60;0;ME_Washington;x
1608;213;80;0;MO_Clark;x
1609;213;100;0;MO_Scotland;x
1610;213;120;0;MO_Schuyler;x
1611;213;140;0;MO_Putnam;x
1612;213;160;0;MO_Mercer;x
1613;213;180;0;MO_Harrison;x
1614;213;200;0;MO_Worth;x
1615;213;220;0;MO_Nodaway;x
1616;213;240;0;MO_Atchison;x
1617;213;240;100;MO_Holt;x
1618;213;220;100;MO_Andrew;x
1619;213;200;100;MO_Gentry;x
1620;213;180;100;MO_Daviess;x
1621;213;160;100;MO_Grundy;x
1622;213;140;100;MO_Sullivan;x
1623;213;120;100;MO_Adair;x
1624;213;100;100;MO_Knox;x
1625;213;80;100;MO_Lewis;x
1626;213;60;100;MO_Marion;x
1627;213;40;100;MO_Shelby;x
1628;213;20;100;MO_Macon;x
1629;213;0;100;MO_Linn;x
1630;212;0;0;MO_Livingston;x
1631;212;20;0;MO_Caldwell;x
1632;212;40;0;MO_Dekalb;x
1633;212;60;0;MO_Buchanan;x
1634;212;80;0;MO_Platte;x
1635;212;100;0;MO_Clinton;x
1636;212;120;0;MO_Clay;x
1637;212;140;0;MO_Ray;x
1638;212;160;0;MO_Carroll;x
1639;212;180;0;MO_Chariton;x
1640;212;200;0;MO_Randolph;x
1641;212;220;0;MO_Monroe;x
1642;212;240;0;MO_Ralls;x
1643;212;240;100;MO_Pike;x
1644;212;220;100;MO_Audrain;x
1645;212;200;100;MO_Boone;x
1646;212;180;100;MO_Howard;x
1647;212;160;100;MO_Saline;x
1648;212;140;100;MO_Lafayette;x
1649;212;120;100;MO_Jackson;x
1650;212;100;100;MO_Cass;x
1651;212;80;100;MO_Johnson;x
1652;212;60;100;MO_Pettis;x
1653;212;40;100;MO_Cooper;x
1654;212;20;100;MO_Moniteau;x
1655;212;0;100;MO_Cole;x
1656;211;0;0;MO_Callaway;x
1657;211;20;0;MO_Montgomery;x
1658;211;40;0;MO_Warren;x
1659;211;60;0;MO_Lincoln;x
1660;211;80;0;MO_Saint Charles;x
1661;211;100;0;MO_Saint Louis;x
1662;211;120;0;MO_Jefferson;x
1663;211;140;0;MO_Franklin;x
1664;211;160;0;MO_Gasconade;x
1665;211;180;0;MO_Osage;x
1666;211;200;0;MO_Maries;x
1667;211;220;0;MO_Miller;x
1668;211;240;0;MO_Morgan;x
1669;211;240;100;MO_Benton;x
1670;211;220;100;MO_Henry;x
1671;211;200;100;MO_Bates;x
1672;211;180;100;MO_Vernon;x
1673;211;160;100;MO_Saint Clair;x
1674;211;140;100;MO_Hickory;x
1675;211;120;100;MO_Camden;x
1676;211;100;100;MO_Pulaski;x
1677;211;80;100;MO_Phelps;x
1678;211;60;100;MO_Crawford;x
1679;211;40;100;MO_Washington;x
1680;211;20;100;MO_Saint Francois;x
1681;211;0;100;MO_Saint Genevieve;x
1682;210;0;0;MO_Perry;x
1683;210;20;0;MO_Madison;x
1684;210;40;0;MO_Iron;x
1685;210;60;0;MO_Dent;x
1686;210;80;0;MO_Texas;x
1687;210;100;0;MO_Laclede;x
1688;210;120;0;MO_Dallas;x
1689;210;140;0;MO_Polk;x
1690;210;160;0;MO_Cedar;x
1691;210;180;0;MO_Barton;x
1692;210;200;0;MO_Jasper;x
1693;210;220;0;MO_Newton;x
1694;210;240;0;MO_McDonald;x
1695;210;240;100;MO_Barry;x
1696;210;220;100;MO_Lawrence;x
1697;210;200;100;MO_Dade;x
1698;210;180;100;MO_Greene;x
1699;210;160;100;MO_Christian;x
1700;210;140;100;MO_Stone;x
1701;210;120;100;MO_Taney;x
1702;210;100;100;MO_Ozark;x
1703;210;80;100;MO_Douglas;x
1704;210;60;100;MO_Webster;x
1705;210;40;100;MO_Wright;x
1706;210;20;100;MO_Howell;x
1707;210;0;100;MO_Shannon;x
1708;209;0;0;MO_Reynolds;x
1709;209;20;0;MO_Carter;x
1710;209;40;0;MO_Oregon;x
1711;209;60;0;MO_Ripley;x
1712;209;80;0;MO_Butler;x
1713;209;100;0;MO_Wayne;x
1714;209;120;0;MO_Bollinger;x
1715;209;140;0;MO_Cape Girardeau;x
1716;209;160;0;MO_Scott;x
1717;209;180;0;MO_Mississippi;x
1718;209;200;0;MO_New Madrid;x
1719;209;220;0;MO_Stoddard;x
1720;209;240;0;MO_Dunklin;x
1721;209;240;100;MO_Pemiscot;x
1722;209;220;100;MO_Saint Louis City;x
1723;209;200;100;AR_Clay;x
1724;209;180;100;AR_Randolph;x
1725;209;160;100;AR_Sharp;x
1726;209;140;100;AR_Fulton;x
1727;209;120;100;AR_Baxter;x
1728;209;100;100;AR_Marion;x
1729;209;80;100;AR_Boone;x
1730;209;60;100;AR_Carroll;x
1731;209;40;100;AR_Benton;x
1732;209;20;100;AR_Washington;x
1733;209;0;100;AR_Madison;x
1734;208;0;0;AR_Newton;x
1735;208;20;0;AR_Searcy;x
1736;208;40;0;AR_Stone;x
1737;208;60;0;AR_Izard;x
1738;208;80;0;AR_Independence;x
1739;208;100;0;AR_Lawrence;x
1740;208;120;0;AR_Greene;x
1741;208;140;0;AR_Mississippi;x
1742;208;160;0;AR_Craighead;x
1743;208;180;0;AR_Jackson;x
1744;208;200;0;AR_White;x
1745;208;220;0;AR_Cleburne;x
1746;208;240;0;AR_Van Buren;x
1747;208;240;100;AR_Pope;x
1748;208;220;100;AR_Johnson;x
1749;208;200;100;AR_Franklin;x
1750;208;180;100;AR_Crawford;x
1751;208;160;100;AR_Sebastian;x
1752;208;140;100;AR_Logan;x
1753;208;120;100;AR_Yell;x
1754;208;100;100;AR_Perry;x
1755;208;80;100;AR_Conway;x
1756;208;60;100;AR_Faulkner;x
1757;208;40;100;AR_Lonoke;x
1758;208;20;100;AR_Prairie;x
1759;208;0;100;AR_Woodruff;x
1760;207;0;0;AR_Cross;x
1761;207;20;0;AR_Poinsett;x
1762;207;40;0;AR_Crittenden;x
1763;207;60;0;AR_St Francis;x
1764;207;80;0;AR_Lee;x
1765;207;100;0;AR_Phillips;x
1766;207;120;0;AR_Monroe;x
1767;207;140;0;AR_Arkansas;x
1768;207;160;0;AR_Jefferson;x
1769;207;180;0;AR_Pulaski;x
1770;207;200;0;AR_Saline;x
1771;207;220;0;AR_Garland;x
1772;207;240;0;AR_Montgomery;x
1773;207;240;100;AR_Scott;x
1774;207;220;100;AR_Polk;x
1775;207;200;100;AR_Howard;x
1776;207;180;100;AR_Pike;x
1777;207;160;100;AR_Clark;x
1778;207;140;100;AR_Hot Spring;x
1779;207;120;100;AR_Grant;x
1780;207;100;100;AR_Dallas;x
1781;207;80;100;AR_Cleveland;x
1782;207;60;100;AR_Lincoln;x
1783;207;40;100;AR_Desha;x
1784;207;20;100;AR_Chicot;x
1785;207;0;100;AR_Drew;x
1786;206;0;0;AR_Bradley;x
1787;206;20;0;AR_Calhoun;x
1788;206;40;0;AR_Ouachita;x
1789;206;60;0;AR_Nevada;x
1790;206;80;0;AR_Hempstead;x
1791;206;100;0;AR_Sevier;x
1792;206;120;0;AR_Little River;x
1793;206;140;0;AR_Miller;x
1794;206;160;0;AR_Lafayette;x
1795;206;180;0;AR_Columbia;x
1796;206;200;0;AR_Union;x
1797;206;220;0;AR_Ashley;x
1798;206;240;0;MI_Keweenaw;x
1799;206;240;100;MI_Houghton;x
1800;206;220;100;MI_Ontonagon;x
1801;206;200;100;MI_Gogebic;x
1802;206;180;100;MI_Iron;x
1803;206;160;100;MI_Baraga;x
1804;206;140;100;MI_Marquette;x
1805;206;120;100;MI_Dickinson;x
1806;206;100;100;MI_Menominee;x
1807;206;80;100;MI_Delta;x
1808;206;60;100;MI_Alger;x
1809;206;40;100;MI_Schoolcraft;x
1810;206;20;100;MI_Luce;x
1811;206;0;100;MI_Chippewa;x
1812;205;0;0;MI_Mackinac;x
1813;205;20;0;MI_Emmet;x
1814;205;40;0;MI_Cheboygan;x
1815;205;60;0;MI_Presque Isle;x
1816;205;80;0;MI_Alpena;x
1817;205;100;0;MI_Montmorency;x
1818;205;120;0;MI_Otsego;x
1819;205;140;0;MI_Charlevoix;x
1820;205;160;0;MI_Antrim;x
1821;205;180;0;MI_Leelanau;x
1822;205;200;0;MI_Benzie;x
1823;205;220;0;MI_Grand Traverse;x
1824;205;240;0;MI_Kalkaska;x
1825;205;240;100;MI_Crawford;x
1826;205;220;100;MI_Oscoda;x
1827;205;200;100;MI_Alcona;x
1828;205;180;100;MI_Iosco;x
1829;205;160;100;MI_Ogemaw;x
1830;205;140;100;MI_Roscommon;x
1831;205;120;100;MI_Missaukee;x
1832;205;100;100;MI_Wexford;x
1833;205;80;100;MI_Manistee;x
1834;205;60;100;MI_Mason;x
1835;205;40;100;MI_Lake;x
1836;205;20;100;MI_Osceola;x
1837;205;0;100;MI_Clare;x
1838;204;0;0;MI_Gladwin;x
1839;204;20;0;MI_Arenac;x
1840;204;40;0;MI_Bay;x
1841;204;60;0;MI_Midland;x
1842;204;80;0;MI_Isabella;x
1843;204;100;0;MI_Mecosta;x
1844;204;120;0;MI_Newaygo;x
1845;204;140;0;MI_Oceana;x
1846;204;160;0;MI_Muskegon;x
1847;204;180;0;MI_Ottawa;x
1848;204;200;0;MI_Kent;x
1849;204;220;0;MI_Montcalm;x
1850;204;240;0;MI_Gratiot;x
1851;204;240;100;MI_Saginaw;x
1852;204;220;100;MI_Tuscola;x
1853;204;200;100;MI_Huron;x
1854;204;180;100;MI_Sanilac;x
1855;204;160;100;MI_Saint Clair;x
1856;204;140;100;MI_Lapeer;x
1857;204;120;100;MI_Genesee;x
1858;204;100;100;MI_Shiawassee;x
1859;204;80;100;MI_Clinton;x
1860;204;60;100;MI_Ionia;x
1861;204;40;100;MI_Barry;x
1862;204;20;100;MI_Allegan;x
1863;204;0;100;MI_Van Buren;x
1864;203;0;0;MI_Kalamazoo;x
1865;203;20;0;MI_Calhoun;x
1866;203;40;0;MI_Eaton;x
1867;203;60;0;MI_Ingham;x
1868;203;80;0;MI_Livingston;x
1869;203;100;0;MI_Oakland;x
1870;203;120;0;MI_Macomb;x
1871;203;140;0;MI_Wayne;x
1872;203;160;0;MI_Monroe;x
1873;203;180;0;MI_Lenawee;x
1874;203;200;0;MI_Washtenaw;x
1875;203;220;0;MI_Jackson;x
1876;203;240;0;MI_Hillsdale;x
1877;203;240;100;MI_Branch;x
1878;203;220;100;MI_Saint Joseph;x
1879;203;200;100;MI_Cass;x
1880;203;180;100;MI_Berrien;x
1881;203;160;100;FL_Escambia;x
1882;203;140;100;FL_Santa Rosa;x
1883;203;120;100;FL_Okaloosa;x
1884;203;100;100;FL_Walton;x
1885;203;80;100;FL_Holmes;x
1886;203;60;100;FL_Jackson;x
1887;203;40;100;FL_Gadsden;x
1888;203;20;100;FL_Leon;x
1889;203;0;100;FL_Liberty;x
1890;202;0;0;FL_Calhoun;x
1891;202;20;0;FL_Washington;x
1892;202;40;0;FL_Bay;x
1893;202;60;0;FL_Gulf;x
1894;202;80;0;FL_Franklin;x
1895;202;100;0;FL_Wakulla;x
1896;202;120;0;FL_Jefferson;x
1897;202;140;0;FL_Madison;x
1898;202;160;0;FL_Hamilton;x
1899;202;180;0;FL_Columbia;x
1900;202;200;0;FL_Baker;x
1901;202;220;0;FL_Nassau;x
1902;202;240;0;FL_Duval;x
1903;202;240;100;FL_Clay;x
1904;202;220;100;FL_Bradford;x
1905;202;200;100;FL_Union;x
1906;202;180;100;FL_Alachua;x
1907;202;160;100;FL_Gilchrist;x
1908;202;140;100;FL_Suwannee;x
1909;202;120;100;FL_Lafayette;x
1910;202;100;100;FL_Taylor;x
1911;202;80;100;FL_Dixie;x
1912;202;60;100;FL_Levy;x
1913;202;40;100;FL_Marion;x
1914;202;20;100;FL_Putnam;x
1915;202;0;100;FL_Saint Johns;x
1916;201;0;0;FL_Flagler;x
1917;201;20;0;FL_Volusia;x
1918;201;40;0;FL_Lake;x
1919;201;60;0;FL_Sumter;x
1920;201;80;0;FL_Citrus;x
1921;201;100;0;FL_Hernando;x
1922;201;120;0;FL_Pasco;x
1923;201;140;0;FL_Pinellas;x
1924;201;160;0;FL_Hillsborough;x
1925;201;180;0;FL_Polk;x
1926;201;200;0;FL_Osceola;x
1927;201;220;0;FL_Orange;x
1928;201;240;0;FL_Seminole;x
1929;201;240;100;FL_Brevard;x
1930;201;220;100;FL_Indian River;x
1931;201;200;100;FL_Saint Lucie;x
1932;201;180;100;FL_Martin;x
1933;201;160;100;FL_Okeechobee;x
1934;201;140;100;FL_Highlands;x
1935;201;120;100;FL_Hardee;x
1936;201;100;100;FL_Manatee;x
1937;201;80;100;FL_Sarasota;x
1938;201;60;100;FL_DeSoto;x
1939;201;40;100;FL_Charlotte;x
1940;201;20;100;FL_Glades;x
1941;201;0;100;FL_Palm Beach;x
1942;200;0;0;FL_Hendry;x
1943;200;20;0;FL_Lee;x
1944;200;40;0;FL_Collier;x
1945;200;60;0;FL_Broward;x
1946;200;80;0;FL_Miami Dade;x
1947;200;100;0;FL_Monroe;x
1948;200;120;0;TX_Dallam;x
1949;200;140;0;TX_Sherman;x
1950;200;160;0;TX_Hansford;x
1951;200;180;0;TX_Ochiltree;x
1952;200;200;0;TX_Lipscomb;x
1953;200;220;0;TX_Hemphill;x
1954;200;240;0;TX_Roberts;x
1955;200;240;100;TX_Hutchinson;x
1956;200;220;100;TX_Moore;x
1957;200;200;100;TX_Hartley;x
1958;200;180;100;TX_Oldham;x
1959;200;160;100;TX_Potter;x
1960;200;140;100;TX_Carson;x
1961;200;120;100;TX_Gray;x
1962;200;100;100;TX_Wheeler;x
1963;200;80;100;TX_Collingsworth;x
1964;200;60;100;TX_Donley;x
1965;200;40;100;TX_Armstrong;x
1966;200;20;100;TX_Randall;x
1967;200;0;100;TX_Deaf Smith;x
1968;199;0;0;TX_Parmer;x
1969;199;20;0;TX_Castro;x
1970;199;40;0;TX_Swisher;x
1971;199;60;0;TX_Briscoe;x
1972;199;80;0;TX_Hall;x
1973;199;100;0;TX_Childress;x
1974;199;120;0;TX_Hardeman;x
1975;199;140;0;TX_Foard;x
1976;199;160;0;TX_Cottle;x
1977;199;180;0;TX_Motley;x
1978;199;200;0;TX_Floyd;x
1979;199;220;0;TX_Hale;x
1980;199;240;0;TX_Lamb;x
1981;199;240;100;TX_Bailey;x
1982;199;220;100;TX_Cochran;x
1983;199;200;100;TX_Hockley;x
1984;199;180;100;TX_Lubbock;x
1985;199;160;100;TX_Crosby;x
1986;199;140;100;TX_Dickens;x
1987;199;120;100;TX_King;x
1988;199;100;100;TX_Knox;x
1989;199;80;100;TX_Baylor;x
1990;199;60;100;TX_Wilbarger;x
1991;199;40;100;TX_Wichita;x
1992;199;20;100;TX_Archer;x
1993;199;0;100;TX_Clay;x
1994;198;0;0;TX_Montague;x
1995;198;20;0;TX_Cooke;x
1996;198;40;0;TX_Grayson;x
1997;198;60;0;TX_Fannin;x
1998;198;80;0;TX_Lamar;x
1999;198;100;0;TX_Red River;x
2000;198;120;0;TX_Bowie;x
2001;198;140;0;TX_Cass;x
2002;198;160;0;TX_Morris;x
2003;198;180;0;TX_Titus;x
2004;198;200;0;TX_Franklin;x
2005;198;220;0;TX_Hopkins;x
2006;198;240;0;TX_Delta;x
2007;198;240;100;TX_Hunt;x
2008;198;220;100;TX_Collin;x
2009;198;200;100;TX_Denton;x
2010;198;180;100;TX_Wise;x
2011;198;160;100;TX_Jack;x
2012;198;140;100;TX_Young;x
2013;198;120;100;TX_Throckmorton;x
2014;198;100;100;TX_Haskell;x
2015;198;80;100;TX_Stonewall;x
2016;198;60;100;TX_Kent;x
2017;198;40;100;TX_Garza;x
2018;198;20;100;TX_Lynn;x
2019;198;0;100;TX_Terry;x
2020;197;0;0;TX_Yoakum;x
2021;197;20;0;TX_Gaines;x
2022;197;40;0;TX_Dawson;x
2023;197;60;0;TX_Borden;x
2024;197;80;0;TX_Scurry;x
2025;197;100;0;TX_Fisher;x
2026;197;120;0;TX_Jones;x
2027;197;140;0;TX_Shackelford;x
2028;197;160;0;TX_Stephens;x
2029;197;180;0;TX_Palo Pinto;x
2030;197;200;0;TX_Parker;x
2031;197;220;0;TX_Tarrant;x
2032;197;240;0;TX_Dallas;x
2033;197;240;100;TX_Rockwall;x
2034;197;220;100;TX_Kaufman;x
2035;197;200;100;TX_Van Zandt;x
2036;197;180;100;TX_Rains;x
2037;197;160;100;TX_Wood;x
2038;197;140;100;TX_Camp;x
2039;197;120;100;TX_Upshur;x
2040;197;100;100;TX_Marion;x
2041;197;80;100;TX_Harrison;x
2042;197;60;100;TX_Gregg;x
2043;197;40;100;TX_Smith;x
2044;197;20;100;TX_Henderson;x
2045;197;0;100;TX_Navarro;x
2046;196;0;0;TX_Ellis;x
2047;196;20;0;TX_Johnson;x
2048;196;40;0;TX_Somervell;x
2049;196;60;0;TX_Hood;x
2050;196;80;0;TX_Erath;x
2051;196;100;0;TX_Eastland;x
2052;196;120;0;TX_Callahan;x
2053;196;140;0;TX_Taylor;x
2054;196;160;0;TX_Nolan;x
2055;196;180;0;TX_Mitchell;x
2056;196;200;0;TX_Howard;x
2057;196;220;0;TX_Martin;x
2058;196;240;0;TX_Andrews;x
2059;196;240;100;TX_Loving;x
2060;196;220;100;TX_Winkler;x
2061;196;200;100;TX_Ector;x
2062;196;180;100;TX_Midland;x
2063;196;160;100;TX_Glasscock;x
2064;196;140;100;TX_Sterling;x
2065;196;120;100;TX_Coke;x
2066;196;100;100;TX_Runnels;x
2067;196;80;100;TX_Coleman;x
2068;196;60;100;TX_Brown;x
2069;196;40;100;TX_Comanche;x
2070;196;20;100;TX_Hamilton;x
2071;196;0;100;TX_Bosque;x
2072;195;0;0;TX_Hill;x
2073;195;20;0;TX_Limestone;x
2074;195;40;0;TX_Freestone;x
2075;195;60;0;TX_Anderson;x
2076;195;80;0;TX_Cherokee;x
2077;195;100;0;TX_Rusk;x
2078;195;120;0;TX_Panola;x
2079;195;140;0;TX_Shelby;x
2080;195;160;0;TX_Nacogdoches;x
2081;195;180;0;TX_Angelina;x
2082;195;200;0;TX_Houston;x
2083;195;220;0;TX_Leon;x
2084;195;240;0;TX_Robertson;x
2085;195;240;100;TX_Falls;x
2086;195;220;100;TX_McLennan;x
2087;195;200;100;TX_Coryell;x
2088;195;180;100;TX_Lampasas;x
2089;195;160;100;TX_Mills;x
2090;195;140;100;TX_San Saba;x
2091;195;120;100;TX_McCulloch;x
2092;195;100;100;TX_Concho;x
2093;195;80;100;TX_Tom Green;x
2094;195;60;100;TX_Irion;x
2095;195;40;100;TX_Reagan;x
2096;195;20;100;TX_Upton;x
2097;195;0;100;TX_Crane;x
2098;194;0;0;TX_Ward;x
2099;194;20;0;TX_Reeves;x
2100;194;40;0;TX_Culberson;x
2101;194;60;0;TX_Hudspeth;x
2102;194;80;0;TX_El Paso;x
2103;194;100;0;TX_Presidio;x
2104;194;120;0;TX_Jeff Davis;x
2105;194;140;0;TX_Brewster;x
2106;194;160;0;TX_Terrell;x
2107;194;180;0;TX_Pecos;x
2108;194;200;0;TX_Crockett;x
2109;194;220;0;TX_Schleicher;x
2110;194;240;0;TX_Menard;x
2111;194;240;100;TX_Mason;x
2112;194;220;100;TX_Llano;x
2113;194;200;100;TX_Burnet;x
2114;194;180;100;TX_Bell;x
2115;194;160;100;TX_Milam;x
2116;194;140;100;TX_Burleson;x
2117;194;120;100;TX_Brazos;x
2118;194;100;100;TX_Madison;x
2119;194;80;100;TX_Walker;x
2120;194;60;100;TX_Trinity;x
2121;194;40;100;TX_Polk;x
2122;194;20;100;TX_Tyler;x
2123;194;0;100;TX_Jasper;x
2124;193;0;0;TX_San Augustine;x
2125;193;20;0;TX_Sabine;x
2126;193;40;0;TX_Newton;x
2127;193;60;0;TX_Orange;x
2128;193;80;0;TX_Hardin;x
2129;193;100;0;TX_Liberty;x
2130;193;120;0;TX_San Jacinto;x
2131;193;140;0;TX_Montgomery;x
2132;193;160;0;TX_Grimes;x
2133;193;180;0;TX_Washington;x
2134;193;200;0;TX_Lee;x
2135;193;220;0;TX_Williamson;x
2136;193;240;0;TX_Travis;x
2137;193;240;100;TX_Blanco;x
2138;193;220;100;TX_Gillespie;x
2139;193;200;100;TX_Kimble;x
2140;193;180;100;TX_Sutton;x
2141;193;160;100;TX_Val Verde;x
2142;193;140;100;TX_Kinney;x
2143;193;120;100;TX_Edwards;x
2144;193;100;100;TX_Kerr;x
2145;193;80;100;TX_Kendall;x
2146;193;60;100;TX_Comal;x
2147;193;40;100;TX_Hays;x
2148;193;20;100;TX_Caldwell;x
2149;193;0;100;TX_Bastrop;x
2150;192;0;0;TX_Fayette;x
2151;192;20;0;TX_Austin;x
2152;192;40;0;TX_Waller;x
2153;192;60;0;TX_Harris;x
2154;192;80;0;TX_Jefferson;x
2155;192;100;0;TX_Chambers;x
2156;192;120;0;TX_Galveston;x
2157;192;140;0;TX_Brazoria;x
2158;192;160;0;TX_Fort Bend;x
2159;192;180;0;TX_Wharton;x
2160;192;200;0;TX_Colorado;x
2161;192;220;0;TX_Lavaca;x
2162;192;240;0;TX_Gonzales;x
2163;192;240;100;TX_Guadalupe;x
2164;192;220;100;TX_Bexar;x
2165;192;200;100;TX_Medina;x
2166;192;180;100;TX_Bandera;x
2167;192;160;100;TX_Real;x
2168;192;140;100;TX_Uvalde;x
2169;192;120;100;TX_Zavala;x
2170;192;100;100;TX_Maverick;x
2171;192;80;100;TX_Dimmit;x
2172;192;60;100;TX_La Salle;x
2173;192;40;100;TX_Frio;x
2174;192;20;100;TX_Atascosa;x
2175;192;0;100;TX_Wilson;x
2176;191;0;0;TX_Karnes;x
2177;191;20;0;TX_De Witt;x
2178;191;40;0;TX_Victoria;x
2179;191;60;0;TX_Jackson;x
2180;191;80;0;TX_Matagorda;x
2181;191;100;0;TX_Calhoun;x
2182;191;120;0;TX_Refugio;x
2183;191;140;0;TX_Goliad;x
2184;191;160;0;TX_Bee;x
2185;191;180;0;TX_Live Oak;x
2186;191;200;0;TX_McMullen;x
2187;191;220;0;TX_Duval;x
2188;191;240;0;TX_Webb;x
2189;191;240;100;TX_Zapata;x
2190;191;220;100;TX_Jim Hogg;x
2191;191;200;100;TX_Brooks;x
2192;191;180;100;TX_Jim Wells;x
2193;191;160;100;TX_San Patricio;x
2194;191;140;100;TX_Aransas;x
2195;191;120;100;TX_Nueces;x
2196;191;100;100;TX_Kleberg;x
2197;191;80;100;TX_Kenedy;x
2198;191;60;100;TX_Willacy;x
2199;191;40;100;TX_Cameron;x
2200;191;20;100;TX_Hidalgo;x
2201;191;0;100;TX_Starr;x
2202;190;0;0;IA_Lyon;x
2203;190;20;0;IA_Osceola;x
2204;190;40;0;IA_Dickinson;x
2205;190;60;0;IA_Emmet;x
2206;190;80;0;IA_Kossuth;x
2207;190;100;0;IA_Palo Alto;x
2208;190;120;0;IA_Clay;x
2209;190;140;0;IA_OBrien;x
2210;190;160;0;IA_Sioux;x
2211;190;180;0;IA_Plymouth;x
2212;190;200;0;IA_Cherokee;x
2213;190;220;0;IA_Buena Vista;x
2214;190;240;0;IA_Pocahontas;x
2215;190;240;100;IA_Humboldt;x
2216;190;220;100;IA_Wright;x
2217;190;200;100;IA_Hancock;x
2218;190;180;100;IA_Winnebago;x
2219;190;160;100;IA_Worth;x
2220;190;140;100;IA_Mitchell;x
2221;190;120;100;IA_Howard;x
2222;190;100;100;IA_Winneshiek;x
2223;190;80;100;IA_Allamakee;x
2224;190;60;100;IA_Clayton;x
2225;190;40;100;IA_Fayette;x
2226;190;20;100;IA_Chickasaw;x
2227;190;0;100;IA_Floyd;x
2228;189;0;0;IA_Cerro Gordo;x
2229;189;20;0;IA_Franklin;x
2230;189;40;0;IA_Butler;x
2231;189;60;0;IA_Bremer;x
2232;189;80;0;IA_Black Hawk;x
2233;189;100;0;IA_Buchanan;x
2234;189;120;0;IA_Delaware;x
2235;189;140;0;IA_Dubuque;x
2236;189;160;0;IA_Jackson;x
2237;189;180;0;IA_Jones;x
2238;189;200;0;IA_Linn;x
2239;189;220;0;IA_Benton;x
2240;189;240;0;IA_Tama;x
2241;189;240;100;IA_Grundy;x
2242;189;220;100;IA_Hardin;x
2243;189;200;100;IA_Hamilton;x
2244;189;180;100;IA_Webster;x
2245;189;160;100;IA_Calhoun;x
2246;189;140;100;IA_Sac;x
2247;189;120;100;IA_Ida;x
2248;189;100;100;IA_Woodbury;x
2249;189;80;100;IA_Monona;x
2250;189;60;100;IA_Crawford;x
2251;189;40;100;IA_Carroll;x
2252;189;20;100;IA_Greene;x
2253;189;0;100;IA_Boone;x
2254;188;0;0;IA_Story;x
2255;188;20;0;IA_Marshall;x
2256;188;40;0;IA_Jasper;x
2257;188;60;0;IA_Poweshiek;x
2258;188;80;0;IA_Iowa;x
2259;188;100;0;IA_Johnson;x
2260;188;120;0;IA_Cedar;x
2261;188;140;0;IA_Clinton;x
2262;188;160;0;IA_Scott;x
2263;188;180;0;IA_Muscatine;x
2264;188;200;0;IA_Louisa;x
2265;188;220;0;IA_Washington;x
2266;188;240;0;IA_Keokuk;x
2267;188;240;100;IA_Mahaska;x
2268;188;220;100;IA_Marion;x
2269;188;200;100;IA_Warren;x
2270;188;180;100;IA_Polk;x
2271;188;160;100;IA_Dallas;x
2272;188;140;100;IA_Guthrie;x
2273;188;120;100;IA_Audubon;x
2274;188;100;100;IA_Shelby;x
2275;188;80;100;IA_Harrison;x
2276;188;60;100;IA_Pottawattamie;x
2277;188;40;100;IA_Cass;x
2278;188;20;100;IA_Adair;x
2279;188;0;100;IA_Madison;x
2280;187;0;0;IA_Clarke;x
2281;187;20;0;IA_Lucas;x
2282;187;40;0;IA_Monroe;x
2283;187;60;0;IA_Wapello;x
2284;187;80;0;IA_Jefferson;x
2285;187;100;0;IA_Henry;x
2286;187;120;0;IA_Des Moines;x
2287;187;140;0;IA_Lee;x
2288;187;160;0;IA_Van Buren;x
2289;187;180;0;IA_Davis;x
2290;187;200;0;IA_Appanoose;x
2291;187;220;0;IA_Wayne;x
2292;187;240;0;IA_Decatur;x
2293;187;240;100;IA_Ringgold;x
2294;187;220;100;IA_Taylor;x
2295;187;200;100;IA_Page;x
2296;187;180;100;IA_Fremont;x
2297;187;160;100;IA_Mills;x
2298;187;140;100;IA_Montgomery;x
2299;187;120;100;IA_Adams;x
2300;187;100;100;IA_Union;x
2301;187;80;100;WI_Douglas;x
2302;187;60;100;WI_Bayfield;x
2303;187;40;100;WI_Ashland;x
2304;187;20;100;WI_Iron;x
2305;187;0;100;WI_Vilas;x
2306;186;0;0;WI_Forest;x
2307;186;20;0;WI_Florence;x
2308;186;40;0;WI_Marinette;x
2309;186;60;0;WI_Oconto;x
2310;186;80;0;WI_Menominee;x
2311;186;100;0;WI_Langlade;x
2312;186;120;0;WI_Oneida;x
2313;186;140;0;WI_Price;x
2314;186;160;0;WI_Sawyer;x
2315;186;180;0;WI_Washburn;x
2316;186;200;0;WI_Burnett;x
2317;186;220;0;WI_Polk;x
2318;186;240;0;WI_Barron;x
2319;186;240;100;WI_Rusk;x
2320;186;220;100;WI_Taylor;x
2321;186;200;100;WI_Lincoln;x
2322;186;180;100;WI_Marathon;x
2323;186;160;100;WI_Shawano;x
2324;186;140;100;WI_Brown;x
2325;186;120;100;WI_Kewaunee;x
2326;186;100;100;WI_Door;x
2327;186;80;100;WI_Manitowoc;x
2328;186;60;100;WI_Calumet;x
2329;186;40;100;WI_Outagamie;x
2330;186;20;100;WI_Waupaca;x
2331;186;0;100;WI_Portage;x
2332;185;0;0;WI_Wood;x
2333;185;20;0;WI_Clark;x
2334;185;40;0;WI_Chippewa;x
2335;185;60;0;WI_Dunn;x
2336;185;80;0;WI_Saint Croix;x
2337;185;100;0;WI_Pierce;x
2338;185;120;0;WI_Pepin;x
2339;185;140;0;WI_Buffalo;x
2340;185;160;0;WI_Trempealeau;x
2341;185;180;0;WI_Eau Claire;x
2342;185;200;0;WI_Jackson;x
2343;185;220;0;WI_Monroe;x
2344;185;240;0;WI_Juneau;x
2345;185;240;100;WI_Adams;x
2346;185;220;100;WI_Waushara;x
2347;185;200;100;WI_Winnebago;x
2348;185;180;100;WI_Fond du Lac;x
2349;185;160;100;WI_Sheboygan;x
2350;185;140;100;WI_Ozaukee;x
2351;185;120;100;WI_Washington;x
2352;185;100;100;WI_Dodge;x
2353;185;80;100;WI_Green Lake;x
2354;185;60;100;WI_Marquette;x
2355;185;40;100;WI_Columbia;x
2356;185;20;100;WI_Sauk;x
2357;185;0;100;WI_Vernon;x
2358;184;0;0;WI_La Crosse;x
2359;184;20;0;WI_Crawford;x
2360;184;40;0;WI_Richland;x
2361;184;60;0;WI_Grant;x
2362;184;80;0;WI_Iowa;x
2363;184;100;0;WI_Dane;x
2364;184;120;0;WI_Jefferson;x
2365;184;140;0;WI_Waukesha;x
2366;184;160;0;WI_Milwaukee;x
2367;184;180;0;WI_Racine;x
2368;184;200;0;WI_Kenosha;x
2369;184;220;0;WI_Walworth;x
2370;184;240;0;WI_Rock;x
2371;184;240;100;WI_Green;x
2372;184;220;100;WI_Lafayette;x
2373;184;200;100;CA_Del Norte;x
2374;184;180;100;CA_Siskiyou;x
2375;184;160;100;CA_Modoc;x
2376;184;140;100;CA_Lassen;x
2377;184;120;100;CA_Shasta;x
2378;184;100;100;CA_Trinity;x
2379;184;80;100;CA_Humboldt;x
2380;184;60;100;CA_Mendocino;x
2381;184;40;100;CA_Tehama;x
2382;184;20;100;CA_Plumas;x
2383;184;0;100;CA_Sierra;x
2384;183;0;0;CA_Nevada;x
2385;183;20;0;CA_Yuba;x
2386;183;40;0;CA_Butte;x
2387;183;60;0;CA_Glenn;x
2388;183;80;0;CA_Colusa;x
2389;183;100;0;CA_Lake;x
2390;183;120;0;CA_Sonoma;x
2391;183;140;0;CA_Napa;x
2392;183;160;0;CA_Yolo;x
2393;183;180;0;CA_Sutter;x
2394;183;200;0;CA_Placer;x
2395;183;220;0;CA_El Dorado;x
2396;183;240;0;CA_Alpine;x
2397;183;240;100;CA_Amador;x
2398;183;220;100;CA_Sacramento;x
2399;183;200;100;CA_Solano;x
2400;183;180;100;CA_Marin;x
2401;183;160;100;CA_San Francisco;x
2402;183;140;100;CA_San Mateo;x
2403;183;120;100;CA_Santa Cruz;x
2404;183;100;100;CA_Santa Clara;x
2405;183;80;100;CA_Alameda;x
2406;183;60;100;CA_Contra Costa;x
2407;183;40;100;CA_San Joaquin;x
2408;183;20;100;CA_Calaveras;x
2409;183;0;100;CA_Tuolumne;x
2410;182;0;0;CA_Mono;x
2411;182;20;0;CA_Inyo;x
2412;182;40;0;CA_Tulare;x
2413;182;60;0;CA_Kings;x
2414;182;80;0;CA_Fresno;x
2415;182;100;0;CA_Madera;x
2416;182;120;0;CA_Mariposa;x
2417;182;140;0;CA_Stanislaus;x
2418;182;160;0;CA_Merced;x
2419;182;180;0;CA_San Benito;x
2420;182;200;0;CA_Monterey;x
2421;182;220;0;CA_San Luis Obispo;x
2422;182;240;0;CA_Santa Barbara;x
2423;182;240;100;CA_Ventura;x
2424;182;220;100;CA_LA;x
2425;182;200;100;CA_Orange;x
2426;182;180;100;CA_San Diego;x
2427;182;160;100;CA_Imperial;x
2428;182;140;100;CA_Riverside;x
2429;182;120;100;CA_San Bernardino;x
2430;182;100;100;CA_Kern;x
2431;182;80;100;MN_Kittson;x
2432;182;60;100;MN_Roseau;x
2433;182;40;100;MN_Lake of the Woods;x
2434;182;20;100;MN_Koochiching;x
2435;182;0;100;MN_Saint Louis;x
2436;181;0;0;MN_Lake;x
2437;181;20;0;MN_Cook;x
2438;181;40;0;MN_Carlton;x
2439;181;60;0;MN_Aitkin;x
2440;181;80;0;MN_Itasca;x
2441;181;100;0;MN_Beltrami;x
2442;181;120;0;MN_Marshall;x
2443;181;140;0;MN_Polk;x
2444;181;160;0;MN_Red Lake;x
2445;181;180;0;MN_Pennington;x
2446;181;200;0;MN_Clearwater;x
2447;181;220;0;MN_Mahnomen;x
2448;181;240;0;MN_Norman;x
2449;181;240;100;MN_Clay;x
2450;181;220;100;MN_Becker;x
2451;181;200;100;MN_Hubbard;x
2452;181;180;100;MN_Cass;x
2453;181;160;100;MN_Crow Wing;x
2454;181;140;100;MN_Mille Lacs;x
2455;181;120;100;MN_Kanabec;x
2456;181;100;100;MN_Pine;x
2457;181;80;100;MN_Chisago;x
2458;181;60;100;MN_Isanti;x
2459;181;40;100;MN_Sherburne;x
2460;181;20;100;MN_Benton;x
2461;181;0;100;MN_Morrison;x
2462;180;0;0;MN_Todd;x
2463;180;20;0;MN_Wadena;x
2464;180;40;0;MN_Otter Tail;x
2465;180;60;0;MN_Wilkin;x
2466;180;80;0;MN_Traverse;x
2467;180;100;0;MN_Big Stone;x
2468;180;120;0;MN_Lac qui Parle;x
2469;180;140;0;MN_Chippewa;x
2470;180;160;0;MN_Swift;x
2471;180;180;0;MN_Stevens;x
2472;180;200;0;MN_Grant;x
2473;180;220;0;MN_Douglas;x
2474;180;240;0;MN_Pope;x
2475;180;240;100;MN_Stearns;x
2476;180;220;100;MN_Kandiyohi;x
2477;180;200;100;MN_Meeker;x
2478;180;180;100;MN_Wright;x
2479;180;160;100;MN_Hennepin;x
2480;180;140;100;MN_Ramsey;x
2481;180;120;100;MN_Anoka;x
2482;180;100;100;MN_Washington;x
2483;180;80;100;MN_Dakota;x
2484;180;60;100;MN_Scott;x
2485;180;40;100;MN_Carver;x
2486;180;20;100;MN_McLeod;x
2487;180;0;100;MN_Renville;x
2488;179;0;0;MN_Yellow Medicine;x
2489;179;20;0;MN_Lincoln;x
2490;179;40;0;MN_Lyon;x
2491;179;60;0;MN_Redwood;x
2492;179;80;0;MN_Brown;x
2493;179;100;0;MN_Nicollet;x
2494;179;120;0;MN_Sibley;x
2495;179;140;0;MN_Le Sueur;x
2496;179;160;0;MN_Rice;x
2497;179;180;0;MN_Goodhue;x
2498;179;200;0;MN_Wabasha;x
2499;179;220;0;MN_Winona;x
2500;179;240;0;MN_Olmsted;x
2501;179;240;100;MN_Dodge;x
2502;179;220;100;MN_Waseca;x
2503;179;200;100;MN_Blue Earth;x
2504;179;180;100;MN_Watonwan;x
2505;179;160;100;MN_Cottonwood;x
2506;179;140;100;MN_Murray;x
2507;179;120;100;MN_Pipestone;x
2508;179;100;100;MN_Rock;x
2509;179;80;100;MN_Nobles;x
2510;179;60;100;MN_Jackson;x
2511;179;40;100;MN_Martin;x
2512;179;20;100;MN_Faribault;x
2513;179;0;100;MN_Freeborn;x
2514;178;0;0;MN_Mower;x
2515;178;20;0;MN_Fillmore;x
2516;178;40;0;MN_Houston;x
2517;178;60;0;OR_Clatsop;x
2518;178;80;0;OR_Columbia;x
2519;178;100;0;OR_Multnomah;x
2520;178;120;0;OR_Hood River;x
2521;178;140;0;OR_Wasco;x
2522;178;160;0;OR_Sherman;x
2523;178;180;0;OR_Gilliam;x
2524;178;200;0;OR_Morrow;x
2525;178;220;0;OR_Umatilla;x
2526;178;240;0;OR_Union;x
2527;178;240;100;OR_Wallowa;x
2528;178;220;100;OR_Baker;x
2529;178;200;100;OR_Grant;x
2530;178;180;100;OR_Wheeler;x
2531;178;160;100;OR_Jefferson;x
2532;178;140;100;OR_Marion;x
2533;178;120;100;OR_Clackamas;x
2534;178;100;100;OR_Washington;x
2535;178;80;100;OR_Tillamook;x
2536;178;60;100;OR_Yamhill;x
2537;178;40;100;OR_Polk;x
2538;178;20;100;OR_Lincoln;x
2539;178;0;100;OR_Benton;x
2540;177;0;0;OR_Linn;x
2541;177;20;0;OR_Lane;x
2542;177;40;0;OR_Douglas;x
2543;177;60;0;OR_Coos;x
2544;177;80;0;OR_Curry;x
2545;177;100;0;OR_Josephine;x
2546;177;120;0;OR_Jackson;x
2547;177;140;0;OR_Klamath;x
2548;177;160;0;OR_Lake;x
2549;177;180;0;OR_Deschutes;x
2550;177;200;0;OR_Crook;x
2551;177;220;0;OR_Harney;x
2552;177;240;0;OR_Malheur;x
2553;177;240;100;KS_Cheyenne;x
2554;177;220;100;KS_Rawlins;x
2555;177;200;100;KS_Decatur;x
2556;177;180;100;KS_Norton;x
2557;177;160;100;KS_Phillips;x
2558;177;140;100;KS_Smith;x
2559;177;120;100;KS_Jewell;x
2560;177;100;100;KS_Republic;x
2561;177;80;100;KS_Washington;x
2562;177;60;100;KS_Marshall;x
2563;177;40;100;KS_Nemaha;x
2564;177;20;100;KS_Brown;x
2565;177;0;100;KS_Doniphan;x
2566;176;0;0;KS_Atchison;x
2567;176;20;0;KS_Jackson;x
2568;176;40;0;KS_Pottawatomie;x
2569;176;60;0;KS_Riley;x
2570;176;80;0;KS_Clay;x
2571;176;100;0;KS_Cloud;x
2572;176;120;0;KS_Mitchell;x
2573;176;140;0;KS_Osborne;x
2574;176;160;0;KS_Rooks;x
2575;176;180;0;KS_Graham;x
2576;176;200;0;KS_Sheridan;x
2577;176;220;0;KS_Thomas;x
2578;176;240;0;KS_Sherman;x
2579;176;240;100;KS_Wallace;x
2580;176;220;100;KS_Logan;x
2581;176;200;100;KS_Gove;x
2582;176;180;100;KS_Trego;x
2583;176;160;100;KS_Ellis;x
2584;176;140;100;KS_Russell;x
2585;176;120;100;KS_Lincoln;x
2586;176;100;100;KS_Ottawa;x
2587;176;80;100;KS_Dickinson;x
2588;176;60;100;KS_Geary;x
2589;176;40;100;KS_Wabaunsee;x
2590;176;20;100;KS_Shawnee;x
2591;176;0;100;KS_Jefferson;x
2592;175;0;0;KS_Leavenworth;x
2593;175;20;0;KS_Wyandotte;x
2594;175;40;0;KS_Johnson;x
2595;175;60;0;KS_Douglas;x
2596;175;80;0;KS_Franklin;x
2597;175;100;0;KS_Osage;x
2598;175;120;0;KS_Lyon;x
2599;175;140;0;KS_Morris;x
2600;175;160;0;KS_Marion;x
2601;175;180;0;KS_McPherson;x
2602;175;200;0;KS_Saline;x
2603;175;220;0;KS_Ellsworth;x
2604;175;240;0;KS_Barton;x
2605;175;240;100;KS_Rush;x
2606;175;220;100;KS_Ness;x
2607;175;200;100;KS_Lane;x
2608;175;180;100;KS_Scott;x
2609;175;160;100;KS_Wichita;x
2610;175;140;100;KS_Greeley;x
2611;175;120;100;KS_Hamilton;x
2612;175;100;100;KS_Kearny;x
2613;175;80;100;KS_Finney;x
2614;175;60;100;KS_Hodgeman;x
2615;175;40;100;KS_Pawnee;x
2616;175;20;100;KS_Stafford;x
2617;175;0;100;KS_Rice;x
2618;174;0;0;KS_Reno;x
2619;174;20;0;KS_Harvey;x
2620;174;40;0;KS_Butler;x
2621;174;60;0;KS_Chase;x
2622;174;80;0;KS_Greenwood;x
2623;174;100;0;KS_Coffey;x
2624;174;120;0;KS_Anderson;x
2625;174;140;0;KS_Miami;x
2626;174;160;0;KS_Linn;x
2627;174;180;0;KS_Bourbon;x
2628;174;200;0;KS_Crawford;x
2629;174;220;0;KS_Cherokee;x
2630;174;240;0;KS_Allen;x
2631;174;240;100;KS_Woodson;x
2632;174;220;100;KS_Wilson;x
2633;174;200;100;KS_Neosho;x
2634;174;180;100;KS_Labette;x
2635;174;160;100;KS_Montgomery;x
2636;174;140;100;KS_Chautauqua;x
2637;174;120;100;KS_Elk;x
2638;174;100;100;KS_Cowley;x
2639;174;80;100;KS_Sumner;x
2640;174;60;100;KS_Harper;x
2641;174;40;100;KS_Barber;x
2642;174;20;100;KS_Comanche;x
2643;174;0;100;KS_Clark;x
2644;173;0;0;KS_Meade;x
2645;173;20;0;KS_Seward;x
2646;173;40;0;KS_Stevens;x
2647;173;60;0;KS_Morton;x
2648;173;80;0;KS_Stanton;x
2649;173;100;0;KS_Grant;x
2650;173;120;0;KS_Haskell;x
2651;173;140;0;KS_Gray;x
2652;173;160;0;KS_Ford;x
2653;173;180;0;KS_Edwards;x
2654;173;200;0;KS_Kiowa;x
2655;173;220;0;KS_Pratt;x
2656;173;240;0;KS_Kingman;x
2657;173;240;100;KS_Sedgwick;x
2658;173;220;100;WV_Hancock;x
2659;173;200;100;WV_Brooke;x
2660;173;180;100;WV_Ohio;x
2661;173;160;100;WV_Marshall;x
2662;173;140;100;WV_Wetzel;x
2663;173;120;100;WV_Tyler;x
2664;173;100;100;WV_Pleasants;x
2665;173;80;100;WV_Wood;x
2666;173;60;100;WV_Jackson;x
2667;173;40;100;WV_Mason;x
2668;173;20;100;WV_Cabell;x
2669;173;0;100;WV_Wayne;x
2670;172;0;0;WV_Lincoln;x
2671;172;20;0;WV_Putnam;x
2672;172;40;0;WV_Kanawha;x
2673;172;60;0;WV_Roane;x
2674;172;80;0;WV_Wirt;x
2675;172;100;0;WV_Ritchie;x
2676;172;120;0;WV_Doddridge;x
2677;172;140;0;WV_Harrison;x
2678;172;160;0;WV_Marion;x
2679;172;180;0;WV_Monongalia;x
2680;172;200;0;WV_Preston;x
2681;172;220;0;WV_Taylor;x
2682;172;240;0;WV_Barbour;x
2683;172;240;100;WV_Upshur;x
2684;172;220;100;WV_Lewis;x
2685;172;200;100;WV_Gilmer;x
2686;172;180;100;WV_Calhoun;x
2687;172;160;100;WV_Clay;x
2688;172;140;100;WV_Nicholas;x
2689;172;120;100;WV_Fayette;x
2690;172;100;100;WV_Raleigh;x
2691;172;80;100;WV_Boone;x
2692;172;60;100;WV_Logan;x
2693;172;40;100;WV_Mingo;x
2694;172;20;100;WV_McDowell;x
2695;172;0;100;WV_Wyoming;x
2696;171;0;0;WV_Mercer;x
2697;171;20;0;WV_Summers;x
2698;171;40;0;WV_Monroe;x
2699;171;60;0;WV_Greenbrier;x
2700;171;80;0;WV_Pocahontas;x
2701;171;100;0;WV_Webster;x
2702;171;120;0;WV_Braxton;x
2703;171;140;0;WV_Randolph;x
2704;171;160;0;WV_Tucker;x
2705;171;180;0;WV_Grant;x
2706;171;200;0;WV_Mineral;x
2707;171;220;0;WV_Jefferson;x
2708;171;240;0;WV_Berkeley;x
2709;171;240;100;WV_Morgan;x
2710;171;220;100;WV_Hampshire;x
2711;171;200;100;WV_Hardy;x
2712;171;180;100;WV_Pendleton;x
2713;171;160;100;NV_Washoe;x
2714;171;140;100;NV_Humboldt;x
2715;171;120;100;NV_Elko;x
2716;171;100;100;NV_White Pine;x
2717;171;80;100;NV_Eureka;x
2718;171;60;100;NV_Lander;x
2719;171;40;100;NV_Pershing;x
2720;171;20;100;NV_Churchill;x
2721;171;0;100;NV_Storey;x
2722;170;0;0;NV_Carson City;x
2723;170;20;0;NV_Douglas;x
2724;170;40;0;NV_Lyon;x
2725;170;60;0;NV_Mineral;x
2726;170;80;0;NV_Esmeralda;x
2727;170;100;0;NV_Nye;x
2728;170;120;0;NV_Lincoln;x
2729;170;140;0;NV_Clark;x
2730;170;160;0;NE_Sioux;x
2731;170;180;0;NE_Box Butte;x
2732;170;200;0;NE_Dawes;x
2733;170;220;0;NE_Sheridan;x
2734;170;240;0;NE_Cherry;x
2735;170;240;100;NE_Brown;x
2736;170;220;100;NE_Rock;x
2737;170;200;100;NE_Keya Paha;x
2738;170;180;100;NE_Boyd;x
2739;170;160;100;NE_Holt;x
2740;170;140;100;NE_Antelope;x
2741;170;120;100;NE_Pierce;x
2742;170;100;100;NE_Knox;x
2743;170;80;100;NE_Cedar;x
2744;170;60;100;NE_Wayne;x
2745;170;40;100;NE_Dixon;x
2746;170;20;100;NE_Dakota;x
2747;170;0;100;NE_Thurston;x
2748;169;0;0;NE_Burt;x
2749;169;20;0;NE_Cuming;x
2750;169;40;0;NE_Stanton;x
2751;169;60;0;NE_Madison;x
2752;169;80;0;NE_Boone;x
2753;169;100;0;NE_Wheeler;x
2754;169;120;0;NE_Garfield;x
2755;169;140;0;NE_Loup;x
2756;169;160;0;NE_Blaine;x
2757;169;180;0;NE_Thomas;x
2758;169;200;0;NE_Hooker;x
2759;169;220;0;NE_Grant;x
2760;169;240;0;NE_Garden;x
2761;169;240;100;NE_Morrill;x
2762;169;220;100;NE_Scotts Bluff;x
2763;169;200;100;NE_Banner;x
2764;169;180;100;NE_Kimball;x
2765;169;160;100;NE_Cheyenne;x
2766;169;140;100;NE_Deuel;x
2767;169;120;100;NE_Keith;x
2768;169;100;100;NE_Arthur;x
2769;169;80;100;NE_McPherson;x
2770;169;60;100;NE_Logan;x
2771;169;40;100;NE_Custer;x
2772;169;20;100;NE_Valley;x
2773;169;0;100;NE_Greeley;x
2774;168;0;0;NE_Nance;x
2775;168;20;0;NE_Platte;x
2776;168;40;0;NE_Colfax;x
2777;168;60;0;NE_Dodge;x
2778;168;80;0;NE_Washington;x
2779;168;100;0;NE_Douglas;x
2780;168;120;0;NE_Sarpy;x
2781;168;140;0;NE_Saunders;x
2782;168;160;0;NE_Butler;x
2783;168;180;0;NE_Polk;x
2784;168;200;0;NE_Merrick;x
2785;168;220;0;NE_Howard;x
2786;168;240;0;NE_Sherman;x
2787;168;240;100;NE_Buffalo;x
2788;168;220;100;NE_Dawson;x
2789;168;200;100;NE_Lincoln;x
2790;168;180;100;NE_Perkins;x
2791;168;160;100;NE_Chase;x
2792;168;140;100;NE_Hayes;x
2793;168;120;100;NE_Frontier;x
2794;168;100;100;NE_Gosper;x
2795;168;80;100;NE_Phelps;x
2796;168;60;100;NE_Kearney;x
2797;168;40;100;NE_Adams;x
2798;168;20;100;NE_Hall;x
2799;168;0;100;NE_Hamilton;x
2800;167;0;0;NE_York;x
2801;167;20;0;NE_Seward;x
2802;167;40;0;NE_Lancaster;x
2803;167;60;0;NE_Cass;x
2804;167;80;0;NE_Otoe;x
2805;167;100;0;NE_Nemaha;x
2806;167;120;0;NE_Richardson;x
2807;167;140;0;NE_Pawnee;x
2808;167;160;0;NE_Johnson;x
2809;167;180;0;NE_Gage;x
2810;167;200;0;NE_Saline;x
2811;167;220;0;NE_Jefferson;x
2812;167;240;0;NE_Thayer;x
2813;167;240;100;NE_Fillmore;x
2814;167;220;100;NE_Clay;x
2815;167;200;100;NE_Nuckolls;x
2816;167;180;100;NE_Webster;x
2817;167;160;100;NE_Franklin;x
2818;167;140;100;NE_Harlan;x
2819;167;120;100;NE_Furnas;x
2820;167;100;100;NE_Red Willow;x
2821;167;80;100;NE_Hitchcock;x
2822;167;60;100;NE_Dundy;x
2823;167;40;100;CO_Moffat;x
2824;167;20;100;CO_Routt;x
2825;167;0;100;CO_Jackson;x
2826;166;0;0;CO_Larimer;x
2827;166;20;0;CO_Logan;x
2828;166;40;0;CO_Sedgwick;x
2829;166;60;0;CO_Phillips;x
2830;166;80;0;CO_Yuma;x
2831;166;100;0;CO_Washington;x
2832;166;120;0;CO_Morgan;x
2833;166;140;0;CO_Weld;x
2834;166;160;0;CO_Broomfield;x
2835;166;180;0;CO_Boulder;x
2836;166;200;0;CO_Gilpin;x
2837;166;220;0;CO_Clear Creek;x
2838;166;240;0;CO_Grand;x
2839;166;240;100;CO_Summit;x
2840;166;220;100;CO_Eagle;x
2841;166;200;100;CO_Garfield;x
2842;166;180;100;CO_Rio Blanco;x
2843;166;160;100;CO_Mesa;x
2844;166;140;100;CO_Pitkin;x
2845;166;120;100;CO_Lake;x
2846;166;100;100;CO_Park;x
2847;166;80;100;CO_Jefferson;x
2848;166;60;100;CO_Denver;x
2849;166;40;100;CO_Adams;x
2850;166;20;100;CO_Arapahoe;x
2851;166;0;100;CO_Douglas;x
2852;165;0;0;CO_Elbert;x
2853;165;20;0;CO_Lincoln;x
2854;165;40;0;CO_Kit Carson;x
2855;165;60;0;CO_Cheyenne;x
2856;165;80;0;CO_Kiowa;x
2857;165;100;0;CO_Crowley;x
2858;165;120;0;CO_Pueblo;x
2859;165;140;0;CO_El Paso;x
2860;165;160;0;CO_Teller;x
2861;165;180;0;CO_Fremont;x
2862;165;200;0;CO_Chaffee;x
2863;165;220;0;CO_Gunnison;x
2864;165;240;0;CO_Delta;x
2865;165;240;100;CO_Montrose;x
2866;165;220;100;CO_San Miguel;x
2867;165;200;100;CO_Dolores;x
2868;165;180;100;CO_Montezuma;x
2869;165;160;100;CO_La Plata;x
2870;165;140;100;CO_San Juan;x
2871;165;120;100;CO_Ouray;x
2872;165;100;100;CO_Hinsdale;x
2873;165;80;100;CO_Mineral;x
2874;165;60;100;CO_Saguache;x
2875;165;40;100;CO_Custer;x
2876;165;20;100;CO_Huerfano;x
2877;165;0;100;CO_Alamosa;x
2878;164;0;0;CO_Rio Grande;x
2879;164;20;0;CO_Archuleta;x
2880;164;40;0;CO_Conejos;x
2881;164;60;0;CO_Costilla;x
2882;164;80;0;CO_Las Animas;x
2883;164;100;0;CO_Baca;x
2884;164;120;0;CO_Prowers;x
2885;164;140;0;CO_Bent;x
2886;164;160;0;CO_Otero;x
2887;164;180;0;ND_Divide;x
2888;164;200;0;ND_Burke;x
2889;164;220;0;ND_Renville;x
2890;164;240;0;ND_Bottineau;x
2891;164;240;100;ND_Rolette;x
2892;164;220;100;ND_Towner;x
2893;164;200;100;ND_Cavalier;x
2894;164;180;100;ND_Pembina;x
2895;164;160;100;ND_Walsh;x
2896;164;140;100;ND_Ramsey;x
2897;164;120;100;ND_Benson;x
2898;164;100;100;ND_Pierce;x
2899;164;80;100;ND_McHenry;x
2900;164;60;100;ND_Ward;x
2901;164;40;100;ND_Mountrail;x
2902;164;20;100;ND_Williams;x
2903;164;0;100;ND_McKenzie;x
2904;163;0;0;ND_Dunn;x
2905;163;20;0;ND_Mercer;x
2906;163;40;0;ND_McLean;x
2907;163;60;0;ND_Sheridan;x
2908;163;80;0;ND_Wells;x
2909;163;100;0;ND_Foster;x
2910;163;120;0;ND_Eddy;x
2911;163;140;0;ND_Nelson;x
2912;163;160;0;ND_Grand Forks;x
2913;163;180;0;ND_Traill;x
2914;163;200;0;ND_Cass;x
2915;163;220;0;ND_Steele;x
2916;163;240;0;ND_Griggs;x
2917;163;240;100;ND_Barnes;x
2918;163;220;100;ND_Stutsman;x
2919;163;200;100;ND_Kidder;x
2920;163;180;100;ND_Burleigh;x
2921;163;160;100;ND_Oliver;x
2922;163;140;100;ND_Morton;x
2923;163;120;100;ND_Stark;x
2924;163;100;100;ND_Billings;x
2925;163;80;100;ND_Golden Valley;x
2926;163;60;100;ND_Slope;x
2927;163;40;100;ND_Bowman;x
2928;163;20;100;ND_Adams;x
2929;163;0;100;ND_Hettinger;x
2930;162;0;0;ND_Grant;x
2931;162;20;0;ND_Sioux;x
2932;162;40;0;ND_Emmons;x
2933;162;60;0;ND_Logan;x
2934;162;80;0;ND_LaMoure;x
2935;162;100;0;ND_Ransom;x
2936;162;120;0;ND_Richland;x
2937;162;140;0;ND_Sargent;x
2938;162;160;0;ND_Dickey;x
2939;162;180;0;ND_McIntosh;x
2940;162;200;0;SD_Harding;x
2941;162;220;0;SD_Perkins;x
2942;162;240;0;SD_Corson;x
2943;162;240;100;SD_Campbell;x
2944;162;220;100;SD_McPherson;x
2945;162;200;100;SD_Brown;x
2946;162;180;100;SD_Marshall;x
2947;162;160;100;SD_Roberts;x
2948;162;140;100;SD_Grant;x
2949;162;120;100;SD_Day;x
2950;162;100;100;SD_Clark;x
2951;162;80;100;SD_Spink;x
2952;162;60;100;SD_Faulk;x
2953;162;40;100;SD_Edmunds;x
2954;162;20;100;SD_Walworth;x
2955;162;0;100;SD_Potter;x
2956;161;0;0;SD_Dewey;x
2957;161;20;0;SD_Ziebach;x
2958;161;40;0;SD_Meade;x
2959;161;60;0;SD_Butte;x
2960;161;80;0;SD_Lawrence;x
2961;161;100;0;SD_Pennington;x
2962;161;120;0;SD_Haakon;x
2963;161;140;0;SD_Stanley;x
2964;161;160;0;SD_Hughes;x
2965;161;180;0;SD_Sully;x
2966;161;200;0;SD_Hyde;x
2967;161;220;0;SD_Hand;x
2968;161;240;0;SD_Beadle;x
2969;161;240;100;SD_Kingsbury;x
2970;161;220;100;SD_Hamlin;x
2971;161;200;100;SD_Codington;x
2972;161;180;100;SD_Deuel;x
2973;161;160;100;SD_Brookings;x
2974;161;140;100;SD_Moody;x
2975;161;120;100;SD_Lake;x
2976;161;100;100;SD_Miner;x
2977;161;80;100;SD_Sanborn;x
2978;161;60;100;SD_Jerauld;x
2979;161;40;100;SD_Buffalo;x
2980;161;20;100;SD_Lyman;x
2981;161;0;100;SD_Jones;x
2982;160;0;0;SD_Jackson;x
2983;160;20;0;SD_Oglala Lakota;x
2984;160;40;0;SD_Custer;x
2985;160;60;0;SD_Fall River;x
2986;160;80;0;SD_Bennett;x
2987;160;100;0;SD_Todd;x
2988;160;120;0;SD_Mellette;x
2989;160;140;0;SD_Tripp;x
2990;160;160;0;SD_Gregory;x
2991;160;180;0;SD_Charles Mix;x
2992;160;200;0;SD_Brule;x
2993;160;220;0;SD_Aurora;x
2994;160;240;0;SD_Davison;x
2995;160;240;100;SD_Hanson;x
2996;160;220;100;SD_McCook;x
2997;160;200;100;SD_Minnehaha;x
2998;160;180;100;SD_Lincoln;x
2999;160;160;100;SD_Turner;x
3000;160;140;100;SD_Hutchinson;x
3001;160;120;100;SD_Douglas;x
3002;160;100;100;SD_Bon Homme;x
3003;160;80;100;SD_Yankton;x
3004;160;60;100;SD_Clay;x
3005;160;40;100;SD_Union;x
3006;160;20;100;MT_Lincoln;x
3007;160;0;100;MT_Flathead;x
3008;159;0;0;MT_Glacier;x
3009;159;20;0;MT_Toole;x
3010;159;40;0;MT_Liberty;x
3011;159;60;0;MT_Hill;x
3012;159;80;0;MT_Blaine;x
3013;159;100;0;MT_Phillips;x
3014;159;120;0;MT_Valley;x
3015;159;140;0;MT_Daniels;x
3016;159;160;0;MT_Sheridan;x
3017;159;180;0;MT_Roosevelt;x
3018;159;200;0;MT_Richland;x
3019;159;220;0;MT_McCone;x
3020;159;240;0;MT_Garfield;x
3021;159;240;100;MT_Petroleum;x
3022;159;220;100;MT_Fergus;x
3023;159;200;100;MT_Chouteau;x
3024;159;180;100;MT_Pondera;x
3025;159;160;100;MT_Teton;x
3026;159;140;100;MT_Lewis and Clark;x
3027;159;120;100;MT_Powell;x
3028;159;100;100;MT_Lake;x
3029;159;80;100;MT_Sanders;x
3030;159;60;100;MT_Mineral;x
3031;159;40;100;MT_Missoula;x
3032;159;20;100;MT_Granite;x
3033;159;0;100;MT_Deer Lodge;x
3034;158;0;0;MT_Silver Bow;x
3035;158;20;0;MT_Jefferson;x
3036;158;40;0;MT_Broadwater;x
3037;158;60;0;MT_Meagher;x
3038;158;80;0;MT_Cascade;x
3039;158;100;0;MT_Judith Basin;x
3040;158;120;0;MT_Wheatland;x
3041;158;140;0;MT_Golden Valley;x
3042;158;160;0;MT_Musselshell;x
3043;158;180;0;MT_Rosebud;x
3044;158;200;0;MT_Custer;x
3045;158;220;0;MT_Prairie;x
3046;158;240;0;MT_Dawson;x
3047;158;240;100;MT_Wibaux;x
3048;158;220;100;MT_Fallon;x
3049;158;200;100;MT_Carter;x
3050;158;180;100;MT_Powder River;x
3051;158;160;100;MT_Big Horn;x
3052;158;140;100;MT_Treasure;x
3053;158;120;100;MT_Yellowstone;x
3054;158;100;100;MT_Carbon;x
3055;158;80;100;MT_Stillwater;x
3056;158;60;100;MT_Sweet Grass;x
3057;158;40;100;MT_Park;x
3058;158;20;100;MT_Gallatin;x
3059;158;0;100;MT_Madison;x
3060;157;0;0;MT_Beaverhead;x
3061;157;20;0;MT_Ravalli;x
3062;157;40;0;WA_San Juan;x
3063;157;60;0;WA_Island;x
3064;157;80;0;WA_Kitsap;x
3065;157;100;0;WA_Clallam;x
3066;157;120;0;WA_Jefferson;x
3067;157;140;0;WA_Grays Harbor;x
3068;157;160;0;WA_Mason;x
3069;157;180;0;WA_Thurston;x
3070;157;200;0;WA_Pierce;x
3071;157;220;0;WA_King;x
3072;157;240;0;WA_Snohomish;x
3073;157;240;100;WA_Skagit;x
3074;157;220;100;WA_Whatcom;x
3075;157;200;100;WA_Okanogan;x
3076;157;180;100;WA_Ferry;x
3077;157;160;100;WA_Stevens;x
3078;157;140;100;WA_Pend Oreille;x
3079;157;120;100;WA_Spokane;x
3080;157;100;100;WA_Lincoln;x
3081;157;80;100;WA_Grant;x
3082;157;60;100;WA_Douglas;x
3083;157;40;100;WA_Chelan;x
3084;157;20;100;WA_Kittitas;x
3085;157;0;100;WA_Yakima;x
3086;156;0;0;WA_Lewis;x
3087;156;20;0;WA_Pacific;x
3088;156;40;0;WA_Wahkiakum;x
3089;156;60;0;WA_Cowlitz;x
3090;156;80;0;WA_Clark;x
3091;156;100;0;WA_Skamania;x
3092;156;120;0;WA_Klickitat;x
3093;156;140;0;WA_Benton;x
3094;156;160;0;WA_Franklin;x
3095;156;180;0;WA_Adams;x
3096;156;200;0;WA_Whitman;x
3097;156;220;0;WA_Asotin;x
3098;156;240;0;WA_Garfield;x
3099;156;240;100;WA_Columbia;x
3100;156;220;100;WA_Walla Walla;x
3101;156;200;100;ID_Boundary;x
3102;156;180;100;ID_Bonner;x
3103;156;160;100;ID_Kootenai;x
3104;156;140;100;ID_Benewah;x
3105;156;120;100;ID_Shoshone;x
3106;156;100;100;ID_Clearwater;x
3107;156;80;100;ID_Latah;x
3108;156;60;100;ID_Nez Perce;x
3109;156;40;100;ID_Lewis;x
3110;156;20;100;ID_Idaho;x
3111;156;0;100;ID_Adams;x
3112;155;0;0;ID_Valley;x
3113;155;20;0;ID_Lemhi;x
3114;155;40;0;ID_Clark;x
3115;155;60;0;ID_Fremont;x
3116;155;80;0;ID_Teton;x
3117;155;100;0;ID_Madison;x
3118;155;120;0;ID_Jefferson;x
3119;155;140;0;ID_Butte;x
3120;155;160;0;ID_Custer;x
3121;155;180;0;ID_Boise;x
3122;155;200;0;ID_Gem;x
3123;155;220;0;ID_Washington;x
3124;155;240;0;ID_Payette;x
3125;155;240;100;ID_Canyon;x
3126;155;220;100;ID_Ada;x
3127;155;200;100;ID_Elmore;x
3128;155;180;100;ID_Camas;x
3129;155;160;100;ID_Blaine;x
3130;155;140;100;ID_Bingham;x
3131;155;120;100;ID_Bonneville;x
3132;155;100;100;ID_Caribou;x
3133;155;80;100;ID_Bear Lake;x
3134;155;60;100;ID_Franklin;x
3135;155;40;100;ID_Oneida;x
3136;155;20;100;ID_Bannock;x
3137;155;0;100;ID_Power;x
3138;154;0;0;ID_Cassia;x
3139;154;20;0;ID_Minidoka;x
3140;154;40;0;ID_Lincoln;x
3141;154;60;0;ID_Gooding;x
3142;154;80;0;ID_Jerome;x
3143;154;100;0;ID_Twin Falls;x
3144;154;120;0;ID_Owyhee;x
3145;154;140;0;WY_Park;x
3146;154;160;0;WY_Big Horn;x
3147;154;180;0;WY_Sheridan;x
3148;154;200;0;WY_Campbell;x
3149;154;220;0;WY_Crook;x
3150;154;240;0;WY_Weston;x
3151;154;240;100;WY_Niobrara;x
3152;154;220;100;WY_Converse;x
3153;154;200;100;WY_Natrona;x
3154;154;180;100;WY_Johnson;x
3155;154;160;100;WY_Washakie;x
3156;154;140;100;WY_Hot Springs;x
3157;154;120;100;WY_Fremont;x
3158;154;100;100;WY_Sublette;x
3159;154;80;100;WY_Teton;x
3160;154;60;100;WY_Lincoln;x
3161;154;40;100;WY_Uinta;x
3162;154;20;100;WY_Sweetwater;x
3163;154;0;100;WY_Carbon;x
3164;153;0;0;WY_Albany;x
3165;153;20;0;WY_Platte;x
3166;153;40;0;WY_Goshen;x
3167;153;60;0;WY_Laramie;x
3168;153;80;0;UT_Box Elder;x
3169;153;100;0;UT_Cache;x
3170;153;120;0;UT_Rich;x
3171;153;140;0;UT_Morgan;x
3172;153;160;0;UT_Weber;x
3173;153;180;0;UT_Davis;x
3174;153;200;0;UT_Salt Lake;x
3175;153;220;0;UT_Tooele;x
3176;153;240;0;UT_Utah;x
3177;153;240;100;UT_Wasatch;x
3178;153;220;100;UT_Summit;x
3179;153;200;100;UT_Daggett;x
3180;153;180;100;UT_Uintah;x
3181;153;160;100;UT_Duchesne;x
3182;153;140;100;UT_Carbon;x
3183;153;120;100;UT_Sanpete;x
3184;153;100;100;UT_Juab;x
3185;153;80;100;UT_Millard;x
3186;153;60;100;UT_Sevier;x
3187;153;40;100;UT_Emery;x
3188;153;20;100;UT_Grand;x
3189;153;0;100;UT_San Juan;x
3190;152;0;0;UT_Wayne;x
3191;152;20;0;UT_Piute;x
3192;152;40;0;UT_Beaver;x
3193;152;60;0;UT_Iron;x
3194;152;80;0;UT_Garfield;x
3195;152;100;0;UT_Kane;x
3196;152;120;0;UT_Washington;x
3197;152;140;0;OK_Cimarron;x
3198;152;160;0;OK_Texas;x
3199;152;180;0;OK_Beaver;x
3200;152;200;0;OK_Harper;x
3201;152;220;0;OK_Woods;x
3202;152;240;0;OK_Alfalfa;x
3203;152;240;100;OK_Grant;x
3204;152;220;100;OK_Kay;x
3205;152;200;100;OK_Osage;x
3206;152;180;100;OK_Washington;x
3207;152;160;100;OK_Nowata;x
3208;152;140;100;OK_Craig;x
3209;152;120;100;OK_Ottawa;x
3210;152;100;100;OK_Delaware;x
3211;152;80;100;OK_Mayes;x
3212;152;60;100;OK_Rogers;x
3213;152;40;100;OK_Tulsa;x
3214;152;20;100;OK_Creek;x
3215;152;0;100;OK_Pawnee;x
3216;151;0;0;OK_Noble;x
3217;151;20;0;OK_Garfield;x
3218;151;40;0;OK_Major;x
3219;151;60;0;OK_Woodward;x
3220;151;80;0;OK_Ellis;x
3221;151;100;0;OK_Roger Mills;x
3222;151;120;0;OK_Dewey;x
3223;151;140;0;OK_Blaine;x
3224;151;160;0;OK_Kingfisher;x
3225;151;180;0;OK_Logan;x
3226;151;200;0;OK_Payne;x
3227;151;220;0;OK_Lincoln;x
3228;151;240;0;OK_Okfuskee;x
3229;151;240;100;OK_Okmulgee;x
3230;151;220;100;OK_Muskogee;x
3231;151;200;100;OK_Wagoner;x
3232;151;180;100;OK_Cherokee;x
3233;151;160;100;OK_Adair;x
3234;151;140;100;OK_Sequoyah;x
3235;151;120;100;OK_Haskell;x
3236;151;100;100;OK_McIntosh;x
3237;151;80;100;OK_Hughes;x
3238;151;60;100;OK_Seminole;x
3239;151;40;100;OK_Pottawatomie;x
3240;151;20;100;OK_Cleveland;x
3241;151;0;100;OK_Oklahoma;x
3242;150;0;0;OK_Canadian;x
3243;150;20;0;OK_Caddo;x
3244;150;40;0;OK_Custer;x
3245;150;60;0;OK_Beckham;x
3246;150;80;0;OK_Washita;x
3247;150;100;0;OK_Kiowa;x
3248;150;120;0;OK_Greer;x
3249;150;140;0;OK_Harmon;x
3250;150;160;0;OK_Jackson;x
3251;150;180;0;OK_Tillman;x
3252;150;200;0;OK_Comanche;x
3253;150;220;0;OK_Grady;x
3254;150;240;0;OK_McClain;x
3255;150;240;100;OK_Pontotoc;x
3256;150;220;100;OK_Coal;x
3257;150;200;100;OK_Pittsburg;x
3258;150;180;100;OK_Latimer;x
3259;150;160;100;OK_Le Flore;x
3260;150;140;100;OK_Pushmataha;x
3261;150;120;100;OK_Atoka;x
3262;150;100;100;OK_Johnston;x
3263;150;80;100;OK_Murray;x
3264;150;60;100;OK_Garvin;x
3265;150;40;100;OK_Stephens;x
3266;150;20;100;OK_Cotton;x
3267;150;0;100;OK_Jefferson;x
3268;149;0;0;OK_Carter;x
3269;149;20;0;OK_Love;x
3270;149;40;0;OK_Marshall;x
3271;149;60;0;OK_Bryan;x
3272;149;80;0;OK_Choctaw;x
3273;149;100;0;OK_McCurtain;x
3274;149;120;0;NM_San Juan;x
3275;149;140;0;NM_Rio Arriba;x
3276;149;160;0;NM_Taos;x
3277;149;180;0;NM_Colfax;x
3278;149;200;0;NM_Union;x
3279;149;220;0;NM_Harding;x
3280;149;240;0;NM_Mora;x
3281;149;240;100;NM_Santa Fe;x
3282;149;220;100;NM_Los Alamos;x
3283;149;200;100;NM_Sandoval;x
3284;149;180;100;NM_McKinley;x
3285;149;160;100;NM_Cibola;x
3286;149;140;100;NM_Bernalillo;x
3287;149;120;100;NM_Valencia;x
3288;149;100;100;NM_Torrance;x
3289;149;80;100;NM_San Miguel;x
3290;149;60;100;NM_Quay;x
3291;149;40;100;NM_Guadalupe;x
3292;149;20;100;NM_Lincoln;x
3293;149;0;100;NM_Socorro;x
3294;148;0;0;NM_Catron;x
3295;148;20;0;NM_Grant;x
3296;148;40;0;NM_Hidalgo;x
3297;148;60;0;NM_Luna;x
3298;148;80;0;NM_Doa Ana;x
3299;148;100;0;NM_Sierra;x
3300;148;120;0;NM_Otero;x
3301;148;140;0;NM_Eddy;x
3302;148;160;0;NM_Lea;x
3303;148;180;0;NM_Roosevelt;x
3304;148;200;0;NM_Curry;x
3305;148;220;0;NM_De Baca;x
3306;148;240;0;NM_Chaves;x
3307;148;240;100;AZ_Mohave;x
3308;148;220;100;AZ_Coconino;x
3309;148;200;100;AZ_Navajo;x
3310;148;180;100;AZ_Apache;x
3311;148;160;100;AZ_Greenlee;x
3312;148;140;100;AZ_Graham;x
3313;148;120;100;AZ_Gila;x
3314;148;100;100;AZ_Yavapai;x
3315;148;80;100;AZ_La Paz;x
3316;148;60;100;AZ_Yuma;x
3317;148;40;100;AZ_Maricopa;x
3318;148;20;100;AZ_Pinal;x
3319;148;0;100;AZ_Pima;x
3320;147;0;0;AZ_Santa Cruz;x
3321;147;20;0;AZ_Cochise;x
3322;147;40;0;AK_North Slope;x
3323;147;60;0;AK_Northwest Arctic;x
3324;147;80;0;AK_Nome;x
3325;147;100;0;AK_Kusilvak;x
3326;147;120;0;AK_Bethel;x
3327;147;140;0;AK_Dillingham;x
3328;147;160;0;AK_Lake And Peninsula;x
3329;147;180;0;AK_Bristol Bay;x
3330;147;200;0;AK_Aleutians East;x
3331;147;220;0;AK_Aleutians West;x
3332;147;240;0;AK_Kodiak;x
3333;147;240;100;AK_Kodiak Coast;x
3334;147;220;100;AK_Kenai Peninsula;x
3335;147;200;100;AK_Anchorage;x
3336;147;180;100;AK_Matanuska-Susitna;x
3337;147;160;100;AK_Denali;x
3338;147;140;100;AK_Fairbanks North Star;x
3339;147;120;100;AK_Yukon-Koyukuk;x
3340;147;100;100;AK_Southeast Fairbanks;x
3341;147;80;100;AK_Copper River;x
3342;147;60;100;AK_Yakutat;x
3343;147;40;100;AK_Hoonah-Angoon;x
3344;147;20;100;AK_Haines;x
3345;147;0;100;AK_Skagway;x
3346;146;0;0;AK_Juneau;x
3347;146;20;0;AK_Sitka;x
3348;146;40;0;AK_Petersburg;x
3349;146;60;0;AK_Chugach;x
3350;146;80;0;AK_Wrangell;x
3351;146;100;0;AK_Prince of Wales-Hyder;x
3352;146;120;0;AK_Ketchikan Gateway;x
3353;146;140;0;HI_Hawaii;x
3354;146;160;0;HI_Maui;x
3355;146;180;0;HI_Honolulu;x
3356;146;200;0;HI_Kauai;x
3357;200;20;250;Sea3357;x
3358;200;0;250;Sea3358;x
3359;0;0;249;Sea3359;x
3360;0;20;249;Sea3360;x
3361;0;40;249;Sea3361;x
3362;0;60;249;Sea3362;x
3363;0;80;249;Sea3363;x
3364;0;100;249;Sea3364;x
3365;0;120;249;Sea3365;x
3366;0;140;249;Sea3366;x
3367;0;160;249;Sea3367;x
3368;0;180;249;Sea3368;x
3369;0;200;249;Sea3369;x
3370;0;220;249;Sea3370;x
3371;0;240;249;Sea3371;x
3372;200;240;249;Sea3372;x
3373;200;220;249;Sea3373;x
3374;200;200;249;Sea3374;x
3375;200;180;249;Sea3375;x
3376;200;160;249;Sea3376;x
3377;200;140;249;Sea3377;x
3378;200;120;249;Sea3378;x
3379;200;100;249;Sea3379;x
3380;200;80;249;Sea3380;x
3381;200;60;249;Sea3381;x
3382;200;40;249;Sea3382;x
3383;200;20;249;Sea3383;x
3384;200;0;249;Sea3384;x
3385;0;0;248;Sea3385;x
3386;0;20;248;Sea3386;x
3387;0;40;248;Sea3387;x
3388;0;60;248;Sea3388;x
3389;0;80;248;Sea3389;x
3390;0;100;248;Sea3390;x
3391;0;120;248;Sea3391;x
3392;0;140;248;Sea3392;x
3393;0;160;248;Sea3393;x
3394;0;180;248;Sea3394;x
3395;0;200;248;Sea3395;x
3396;0;220;248;Sea3396;x
3397;0;240;248;Sea3397;x
3398;200;240;248;Sea3398;x
3399;200;220;248;Sea3399;x
3400;200;200;248;Sea3400;x
3401;200;180;248;Sea3401;x
3402;200;160;248;Sea3402;x
3403;200;140;248;Sea3403;x
3404;200;120;248;Sea3404;x
3405;200;100;248;Sea3405;x
3406;200;80;248;Sea3406;x
3407;200;60;248;Sea3407;x
3408;200;40;248;Sea3408;x
3409;200;20;248;Sea3409;x
3410;200;0;248;Sea3410;x
3411;0;0;247;Sea3411;x
3412;0;20;247;Sea3412;x
3413;0;40;247;Sea3413;x
3414;0;60;247;Sea3414;x
3415;0;80;247;Sea3415;x
3416;0;100;247;Sea3416;x
3417;0;120;247;Sea3417;x
3418;0;140;247;Sea3418;x
3419;0;160;247;Sea3419;x
3420;0;180;247;Sea3420;x
3421;0;200;247;Sea3421;x
3422;0;220;247;Sea3422;x
3423;0;240;247;Sea3423;x
3424;200;240;247;Sea3424;x
3425;200;220;247;Sea3425;x
3426;200;200;247;Sea3426;x
3427;200;180;247;Sea3427;x
3428;200;160;247;Sea3428;x
3429;200;140;247;Sea3429;x
3430;200;120;247;Sea3430;x
3431;200;100;247;Sea3431;x
3432;200;80;247;Sea3432;x
3433;200;60;247;Sea3433;x
3434;200;40;247;Sea3434;x
3435;200;20;247;Sea3435;x
3436;200;0;247;Sea3436;x
3437;0;0;246;Sea3437;x
3438;0;20;246;Sea3438;x
3439;0;40;246;Sea3439;x
3440;0;60;246;Sea3440;x
3441;0;80;246;Sea3441;x
3442;0;100;246;Sea3442;x
3443;0;120;246;Sea3443;x
3444;0;140;246;Sea3444;x
3445;0;160;246;Sea3445;x
3446;0;180;246;Sea3446;x
3447;0;200;246;Sea3447;x
3448;0;220;246;Sea3448;x
3449;0;240;246;Sea3449;x
3450;200;240;246;Sea3450;x
3451;200;220;246;Sea3451;x
3452;200;200;246;Sea3452;x
3453;200;180;246;Sea3453;x
3454;200;160;246;Sea3454;x
3455;200;140;246;Sea3455;x
3456;200;120;246;Sea3456;x
3457;200;100;246;Sea3457;x
3458;200;80;246;Sea3458;x
3459;200;60;246;Sea3459;x
3460;200;40;246;Sea3460;x
3461;200;20;246;Sea3461;x
3462;200;0;246;Sea3462;x
3463;0;0;245;Sea3463;x
3464;0;20;245;Sea3464;x
3465;0;40;245;Sea3465;x
3466;0;60;245;Sea3466;x
3467;0;80;245;Sea3467;x
3468;0;100;245;Sea3468;x
3469;0;120;245;Sea3469;x
3470;0;140;245;Sea3470;x
3471;0;160;245;Sea3471;x
3472;0;180;245;Sea3472;x
3473;0;200;245;Sea3473;x
3474;0;220;245;Sea3474;x
3475;0;240;245;Sea3475;x
3476;200;240;245;Sea3476;x
3477;200;220;245;Sea3477;x
3478;200;200;245;Sea3478;x
3479;200;180;245;Sea3479;x
3480;200;160;245;Sea3480;x
3481;200;140;245;Sea3481;x
3482;200;120;245;Sea3482;x
3483;200;100;245;Sea3483;x
3484;200;80;245;Sea3484;x
3485;200;60;245;Sea3485;x
3486;200;40;245;Sea3486;x
3487;200;20;245;Sea3487;x
3488;200;0;245;Sea3488;x
3489;0;0;244;Sea3489;x
3490;0;20;244;Sea3490;x
3491;0;40;244;Sea3491;x
3492;0;60;244;Sea3492;x
3493;0;80;244;Sea3493;x
3494;0;100;244;Sea3494;x
3495;0;120;244;Sea3495;x
3496;0;140;244;Sea3496;x
3497;0;160;244;Sea3497;x
3498;0;180;244;Sea3498;x
3499;0;200;244;Sea3499;x
3500;0;220;244;Sea3500;x
3501;0;240;244;Sea3501;x
